INBR,Name,Name kurz,DS100,Kategorie
8400045,Aalten,Aalten,ONAAL,6
8800300,Aalter,Aalter,XBAAL,6
8502113,Aarau,Aarau,XSA,6
8502000,Aarburg-Oftringen,Aarburg-Oftringen,XSABO,6
8600087,Aarhus,Aarhus,XDAR,6
8400047,Abcoude,Abcoude,ONAB,6
5500151,Abda,Abda,OMADA,6
8007826,Abenden,Abenden,KAB,6
8100204,Abfaltersbach/Drau Bahnhst,Abfaltersbach/Drau Bahnhst,OAAB,6
8100627,Abschlag,Abschlag,OAASG,6
8100202,Absdorf-Hippersdorf,Absdorf-Hippersdorf,OAADH,6
8100602,Achenlohe,Achenlohe,XAAC,6
8007001,Achern Stadt,Achern Stadt,RAHS,6
8700583,Achiet,Achiet,XFAH,6
8007291,Achkarren,Achkarren,RAK,6
8000426,Adendorf,Adendorf,AADF,6
8011002,Adorf(Erzgeb),Adorf(Erzgeb),DADO,6
8502224,Affoltern am Albis,Affoltern am Albis,XSAA,6
8700145,Agde,Agde,XFAG,6
8079084,Ahlbeck Grenze,Ahlbeck Grenze,WABG,6
8087025,Ahlbeck Ostseetherme,Ahlbeck Ostseetherme,WABO,6
8000457,Ahnatal Casselbreite,Ahnatal Casselbreite,FATC,6
8002675,Ahnatal-Heckershausen,Ahnatal-Heckershausen,FHEH,6
8006286,Ahnatal-Weimar,Ahnatal-Weimar,FWEI,6
8071338,Ahrensfelde(Bz. Bremen),Ahrensfelde(Bz. Bremen),AARF,6
8000451,Aich(Niederbay),Aich(Niederbay),MAIC,6
8100597,Aich-Assach,Aich-Assach,OAAAS,6
8501400,Aigle,Aigle,XSAL,6
8700431,Aime-la-Plagne,Aime-la-Plagne,XFAM,6
8072132,Aindorf,Aindorf,MAID,6
8300358,Airole,Airole,XIAE,6
8505201,Airolo,Airolo,XSAI,6
8704980,Aix-en-Provence TGV,Aix-en-Provence TGV,XFAX,6
8700048,Aix-les-Bains-le-Revard,Aix-les-Bains-le-Revard,XFAI,6
8400049,Akkrum,Akkrum,ONAK,6
5300096,Alba Iulia,Alba Iulia,XUAI,6
8700128,Albertville,Albertville,XFAL,6
723571,Albgaubad - Ettlingen,Albgaubad - Ettlingen,RETF,6
8070252,Albisheim(Pfrimm),Albisheim(Pfrimm),FALH,6
8017000,Albrechtshaus,Albrechtshaus,LALB,6
8700141,Alençon,Alençon,XFALN,6
8700126,Ales,Ales,XFALE,6
8017001,Alexisbad,Alexisbad,LAX,6
8000486,Alfhausen,Alfhausen,HAHS,6
8600042,Alken st(DK),Alken st(DK),XDAK,6
8800225,Alken(B),Alken(B),XBAE,6
8400050,Alkmaar,Alkmaar,XNAL,6
8400052,Alkmaar Noord,Alkmaar Noord,ONALN,6
8501035,Allaman,Allaman,OSALL,6
8000493,Allendorf(Eder) Bf,Allendorf(Eder) Bf,FALD,6
8100210,Allentsteig,Allentsteig,OAALL,6
8100548,Allerheiligenhöfe,Allerheiligenhöfe,XAAH,6
8400051,Almelo,Almelo,XNAO,6
8400520,Almelo de Riet,Almelo de Riet,ONAOR,6
8400081,Almere Buiten,Almere Buiten,ONABU,6
8400080,Almere Centrum,Almere Centrum,ONA,6
8400082,Almere Muziekwijk,Almere Muziekwijk,ONAMU,6
8400024,Almere Oostvaarders,Almere Oostvaarders,XNAOO,6
8479008,Almere Parkwijk,Almere Parkwijk,ONAPA,6
8400450,Almere Poort,Almere Poort,PNAP,6
8400053,Alphen aan den Rijn,Alphen aan den Rijn,XNAR,6
8000510,Alsdorf Poststraße,Alsdorf Poststraße,KADP,6
8007078,Alsdorf(Westerw),Alsdorf(Westerw),EGNP,6
8000502,Alsdorf-Annapark,Alsdorf-Annapark,KADA,6
8000507,Alsdorf-Busch,Alsdorf-Busch,KADB,6
8000521,Alsdorf-Kellersberg,Alsdorf-Kellersberg,KKEL,6
8000527,Alsdorf-Mariadorf,Alsdorf-Mariadorf,KMAD,6
5500187,Alsorönök,Alsorönök,OMASR,6
8011015,Alt Schwerin,Alt Schwerin,WAS,6
8100630,Altach,Altach,OAATA,6
8505113,Altdorf UR(CH),Altdorf UR(CH),XSADF,6
8026354,Altdorf(Niederbay),Altdorf(Niederbay),MAF,6
8503211,Altendorf(CH),Altendorf(CH),XSAD,6
8000530,Altenhasungen,Altenhasungen,FAHN,6
8100139,Altenmarkt im Pongau,Altenmarkt im Pongau,XAAL,6
8000533,Altenmarkt(Alz),Altenmarkt(Alz),MATM,6
122120,Alter Friedhof - Schwerin (Meckl),Alter Friedhof - Schwerin (Meckl),D122120,6
8070591,Altingen(Württ),Altingen(Württ),TAG,6
712165,Altmarkt/Regierungspräsidium - Kassel,Altmarkt/Regierungspräsidium - Kassel,FKALR,6
8070697,Altmügeln,Altmügeln,DAMG,6
8169949,Altnagelberg,Altnagelberg,PAYOR,6
8506125,Altnau,Altnau,XSAT,6
8070689,Altoschatz-Rosenthal,Altoschatz-Rosenthal,DAOR,6
8506319,Altstätten SG,Altstätten SG,XSAS,6
8100643,Altweitra,Altweitra,OAAW,6
8000555,Altötting,Altötting,MAT,6
8070185,Alveslohe,Alveslohe,AAV,6
7400005,Alvesta station,Alvesta station,XVAL,6
8077275,Alzenau Burg,Alzenau Burg,FAZB,6
8077274,Alzenau Nord,Alzenau Nord,FAZUN,6
8007275,Alzenau(Unterfr),Alzenau(Unterfr),FAZU,6
8007474,Alzey West,Alzey West,FAZW,6
364390,Am Kaiser - Neuss,Am Kaiser - Neuss,D364390,6
719498,Am Kupferhammer - Kassel,Am Kupferhammer - Kassel,FKBHA,6
715108,Am Stern - Kassel,Am Stern - Kassel,FKASK,6
712236,Am Weinberg - Kassel,Am Weinberg - Kassel,FKNZW,6
8700045,Amberieu,Amberieu,XFAE,6
8070802,Amerang,Amerang,MAMG,6
8400055,Amersfoort Centraal,Amersfoort Centraal,XNAM,2
8400054,Amersfoort Schothorst,Amersfoort Schothorst,ONAMS,6
8400031,Amersfoort Vathorst,Amersfoort Vathorst,XNAMV,6
8000575,Amorbach,Amorbach,NAMB,6
8506109,Amriswil,Amriswil,OSAM,6
8400057,Amsterdam Amstel,Amsterdam Amstel,XNAA,6
8400074,Amsterdam Bijlmer ArenA,Amsterdam Bijlmer ArenA,XNAB,6
8400058,Amsterdam Centraal,Amsterdam Centraal,XNAC,1
8400076,Amsterdam Holendrecht,Amsterdam Holendrecht,PNABH,6
8400079,Amsterdam Lelylaan,Amsterdam Lelylaan,ONAL,6
8400060,Amsterdam Muiderpoort,Amsterdam Muiderpoort,ONAM,6
8400056,Amsterdam RAI,Amsterdam RAI,ONAMR,6
8400083,Amsterdam Science Park,Amsterdam Science Park,PNABJ,6
8400059,Amsterdam Sloterdijk,Amsterdam Sloterdijk,XNAS,6
8400061,Amsterdam Zuid,Amsterdam Zuid,XNAZ,6
8100012,Amstetten NÖ,Amstetten NÖ,XAAS,6
8079075,Amstetten(W) Lokalbahn,Amstetten(W) Lokalbahn,TAM M,6
8300186,Ancona,Ancona,XIA,6
8506047,Andelfingen,Andelfingen,XSANF,6
8505165,Andermatt,Andermatt,XSAN,6
8100211,Andorf,Andorf,XAAD,6
8100619,Angern/March,Angern/March,OAANN,6
8800033,Angleur,Angleur,XBAL,6
8700063,Angoulême,Angoulême,XFANG,6
8400065,Anna Paulowna,Anna Paulowna,ONAP,6
8011045,Annaberg-Buchholz Mitte,Annaberg-Buchholz Mitte,DABM,6
8010005,Annaberg-Buchholz Süd,Annaberg-Buchholz Süd,DAB,6
8011047,Annaberg-Buchholz unterer Bf,Annaberg-Buchholz unterer Bf,DABU,6
8700135,Annecy,Annecy,OFANN,6
8700131,Annemasse,Annemasse,OFANM,6
8800013,Ans(B),Ans(B),XBANS,6
8700146,Antibes,Antibes,XFAN,6
8011049,Antonsthal,Antonsthal,DATL,6
8800007,Antwerpen Centraal,Antwerpen Centraal,XBAC,1
8800008,Antwerpen-Berchem,Antwerpen-Berchem,XBBC,6
8800187,Antwerpen-Luchtbal,Antwerpen-Luchtbal,XBLUB,6
8800188,Antwerpen-Noorderdokken,Antwerpen-Noorderdokken,OBAND,6
8800310,Antwerpen-Zuid,Antwerpen-Zuid,XBAZ,6
8000590,Anzenkirchen,Anzenkirchen,MAK,6
8700187,Apach(Moselle),Apach(Moselle),XFAP,6
8400066,Apeldoorn,Apeldoorn,XNAE,6
8400032,Apeldoorn De Maten,Apeldoorn De Maten,PNAAQ,6
8400033,Apeldoorn Osseveld,Apeldoorn Osseveld,PNAAR,6
8007831,Apensen,Apensen,AAPS,6
8400067,Appingedam,Appingedam,XNAP,6
664231,Aprath Bahnhof - Wülfrath,Aprath Bahnhof - Wülfrath,D664231,6
5300002,Arad,Arad,XUA,6
723254,Arbeitsagentur - Karlsruhe,Arbeitsagentur - Karlsruhe,RKAA,6
8506308,Arbon,Arbon,XSAB,6
8506110,Arbon (See),Arbon (See),XSABS,2
8516270,Arbon Seemoosriet,Arbon Seemoosriet,PSCTD,6
8070304,Arbste,Arbste,HART,6
8301116,Arcisate,Arcisate,OIACS,6
8700487,Argeles-sur-Mer,Argeles-sur-Mer,XFAR,6
8400068,Arkel,Arkel,ONAKL,6
8700139,Arles,Arles,XFARL,6
8800022,Arlon,Arlon,XBAR,6
8400069,Arnemuiden,Arnemuiden,ONARM,6
8400071,Arnhem Centraal,Arnhem Centraal,XNAH,2
8400075,Arnhem Presikhaaf,Arnhem Presikhaaf,ONAHP,6
8400072,Arnhem Velperpoort,Arnhem Velperpoort,ONAHV,6
8400029,Arnhem Zuid,Arnhem Zuid,PNAAN,6
8100056,Arnoldstein,Arnoldstein,XAAR,6
8509157,Arosa,Arosa,XSAO,6
8007343,Arrach,Arrach,NARR,6
8700071,Arras(F),Arras(F),XFAS,6
8700627,Ars-sur-Moselle,Ars-sur-Moselle,OFARS,6
8700629,Artenay(Loiret),Artenay(Loiret),XFAY,6
8505004,Arth-Goldau,Arth-Goldau,XSAG,6
8700089,Arvant,Arvant,XFARV,6
5400395,As mesto,As mesto,XTASM,6
5400122,As(CZ),As(CZ),XTAS,6
8700509,Ascq,Ascq,OFASQ,6
8100188,Aspang,Aspang,OAAS,6
8800338,Asse,Asse,XBASS,6
8400073,Assen,Assen,ONAS,6
8800147,Athus,Athus,XBAH,6
8100017,Attnang-Puchheim,Attnang-Puchheim,XAAT,6
8506316,Au SG,Au SG,XSAU,6
8503205,Au ZH,Au ZH,XSAZ,6
8000643,Au im Murgtal,Au im Murgtal,RWSA,6
8010010,Aue(Sachs),Aue(Sachs),DAU,6
8010027,Aue(Sachs) Erzgebirgsstadion,Aue(Sachs) Erzgebirgsstadion,DAUS,6
714006,Auestadion - Kassel,Auestadion - Kassel,FKNZA,6
150074,Augartenstraße - Karlsruhe,Augartenstraße - Karlsruhe,PQKAG,6
361104,August-Bebel-Straße - Karlsruhe,August-Bebel-Straße - Karlsruhe,PQKAB,6
8080060,Augustusburg Bergstation,Augustusburg Bergstation,DAUG,6
8071103,Auhausen,Auhausen,MAUH,6
8700017,Aulnoye Aymeries,Aulnoye Aymeries,XFAU,6
8700560,Auneau(Dourdan),Auneau(Dourdan),XFAUN,6
8100642,Ausschlag-Zöbern,Ausschlag-Zöbern,OAAUZ,6
8800106,Auvelais,Auvelais,XBAU,6
8700239,Avesnes-sur-Helpe,Avesnes-sur-Helpe,XFAVN,6
8700172,Avignon Centre,Avignon Centre,XFAV,6
8704918,Avignon TGV,Avignon TGV,XFAVV,6
8702475,Avignonet,Avignonet,OFAVI,6
8800176,Aywaille,Aywaille,XBAY,6
8011063,Baabe,Baabe,WBA,6
8502206,Baar(CH),Baar(CH),OSBAA,6
8400086,Baarn,Baarn,ONBR,6
5400400,Babylon,Babylon,XTBY,6
8000609,Bad Arolsen,Bad Arolsen,FAR,6
8100164,Bad Aussee,Bad Aussee,XABA,6
8000988,Bad Birnbach,Bad Birnbach,MBIB,6
8100663,Bad Blumau,Bad Blumau,XABB,6
8007058,Bad Bramstedt,Bad Bramstedt,ABSD,6
8007057,Bad Bramstedt Kurhaus,Bad Bramstedt Kurhaus,ABSK,6
8011069,Bad Doberan Goethestraße,Bad Doberan Goethestraße,WDOG,6
8081085,Bad Doberan Stadtmitte,Bad Doberan Stadtmitte,WDOS,6
8011070,Bad Düben(Mulde),Bad Düben(Mulde),LDU,6
8000700,Bad Empfing,Bad Empfing,MBEP,6
8100192,Bad Erlach,Bad Erlach,OAER,6
8100095,Bad Gastein,Bad Gastein,XABG,6
8007011,Bad Herrenalb,Bad Herrenalb,RHLB,6
8100097,Bad Hofgastein,Bad Hofgastein,XABH,6
8070073,Bad Honnef Stadtbahn,Bad Honnef Stadtbahn,KHF,6
8000710,Bad Höhenstadt,Bad Höhenstadt,MBHT,6
8070309,Bad Imnau,Bad Imnau,TIMN,6
8100157,Bad Ischl,Bad Ischl,XAIS,6
8007330,Bad Krozingen Ost,Bad Krozingen Ost,RBKO,6
8003486,Bad Laasphe,Bad Laasphe,ELSP,6
8003493,Bad Laasphe-Niederlaasphe,Bad Laasphe-Niederlaasphe,ENL,6
8000724,Bad Mergentheim,Bad Mergentheim,TBMR,6
8100453,Bad Neusiedl am See,Bad Neusiedl am See,OABNS,6
8400457,Bad Nieuweschans,Bad Nieuweschans,XNNS,6
8509004,Bad Ragaz,Bad Ragaz,XSRA,6
8005183,Bad Rotenfels Bf,Bad Rotenfels Bf,RRO,6
8005186,Bad Rotenfels Schloss,Bad Rotenfels Schloss,RROG,6
8005187,Bad Rotenfels Weinbrennerstraße,Bad Rotenfels Weinbrennerstraße,RROW,6
8010028,Bad Saarow Klinikum,Bad Saarow Klinikum,BBSK,6
8011080,Bad Saarow-Pieskow,Bad Saarow-Pieskow,BBSS,6
8100021,Bad Schallerbach-Wallern,Bad Schallerbach-Wallern,XASBW,6
8012873,Bad Schlema,Bad Schlema,DSUB,6
8011081,Bad Schmiedeberg,Bad Schmiedeberg,LBSB,6
8070831,Bad Schmiedeberg Kurzentrum,Bad Schmiedeberg Kurzentrum,LBSK,6
8011083,Bad Schmiedeberg Süd,Bad Schmiedeberg Süd,LBSS,6
8011084,Bad Suderode,Bad Suderode,LSUR,6
8070314,Bad Tönisstein,Bad Tönisstein,KTST,6
8006029,Bad Urach,Bad Urach,TUC,6
8006027,Bad Urach Ermstalklinik,Bad Urach Ermstalklinik,TUCK,6
8070680,Bad Urach Wasserfall,Bad Urach Wasserfall,TUCW,6
8101718,Bad Vigaun,Bad Vigaun,XAVN,6
8100708,Bad Vöslau,Bad Vöslau,OABV,6
8100455,Bad Waltersdorf,Bad Waltersdorf,OABW,6
8006431,Bad Wildbad Bf,Bad Wildbad Bf,TWB,6
8070283,Bad Wildbad Kurpark,Bad Wildbad Kurpark,TWBK,6
8070281,Bad Wildbad Nord,Bad Wildbad Nord,TWBN,6
8070282,Bad Wildbad Uhlandplatz,Bad Wildbad Uhlandplatz,TWBU,6
8000764,Bad Wildungen,Bad Wildungen,FBWD,6
8000769,Bad Wurzach,Bad Wurzach,TBW,6
8503409,Bad Zurzach,Bad Zurzach,XSZZ,6
8100025,Baden b.Wien,Baden b.Wien,OABA,6
8503504,Baden(CH),Baden(CH),XSBA,6
8400089,Baflo,Baflo,ONBF,6
8007310,Bahlingen Riedlen,Bahlingen Riedlen,RBAR,6
8007293,Bahlingen am Kaiserstuhl,Bahlingen am Kaiserstuhl,RBAL,6
8007144,Bahnbrücken,Bahnbrücken,RBBR,6
185718,Bahnhof (Ladestraße) - Büchen,Bahnhof (Ladestraße) - Büchen,D185718,6
159252,Bahnhof Bergedorf (Johann-Meyer-Straße) - Hamburg,Bahnhof Bergedorf (Johann-Meyer-Straße) - Hamburg,D159252,6
716781,Bahnhof Niederzwehren - Kassel,Bahnhof Niederzwehren - Kassel,FKNZ,6
230036,Bahnhof - Abensberg,Bahnhof - Abensberg,D230036,6
304448,Bahnhof - Boizenburg/ Elbe,Bahnhof - Boizenburg/ Elbe,D304448,6
304057,Bahnhof - Brahlstorf,Bahnhof - Brahlstorf,D304057,6
160210,Bahnhof - Ennepetal,Bahnhof - Ennepetal,D160210,6
506735,Bahnhof - Gönnheim,Bahnhof - Gönnheim,RGHM,6
424901,Bahnhof - Haan,Bahnhof - Haan,D424901,6
330083,Bahnhof - Leichlingen (Rheinland),Bahnhof - Leichlingen (Rheinland),D330083,6
104782,Bahnhof - Ludwigslust,Bahnhof - Ludwigslust,D104782,6
123879,Bahnhof - Markt Schwaben,Bahnhof - Markt Schwaben,PQSBE,6
202200,Bahnhof - Neustadt a.d. Donau,Bahnhof - Neustadt a.d. Donau,D202200,6
206297,Bahnhof - Parchim,Bahnhof - Parchim,D206297,6
597521,Bahnhof - Pritzier,Bahnhof - Pritzier,PQPTB,6
658276,Bahnhof - Schwelm,Bahnhof - Schwelm,D658276,6
8000782,Baiersbronn Bf,Baiersbronn Bf,RBSN,6
8000789,Baiersbronn Schule,Baiersbronn Schule,RBSS,6
8700735,Baillargues(L Mazes),Baillargues(L Mazes),OFBLS,6
8700510,Baisieux,Baisieux,XFBX,6
5400033,Bakov nad Jizerou,Bakov nad Jizerou,XTBNJ,6
5403656,Bakov nad Jizerou m.,Bakov nad Jizerou m.,OTBJM,6
8505306,Balerna,Balerna,XSBAL,6
8000790,Ballersbach,Ballersbach,FBAL,6
8011108,Bannemin-Mölschow,Bannemin-Mölschow,WBAM,6
7800010,Banova Jaruga,Banova Jaruga,XRBJ,6
8011109,Bansin Seebad,Bansin Seebad,WBN,6
8011110,Bantin,Bantin,WBTN,6
8700329,Bantzenheim,Bantzenheim,XFBH,6
8700485,Banyuls-sur-Mer,Banyuls-sur-Mer,XFBAY,6
8700262,Bar-le-Duc,Bar-le-Duc,XFBD,6
8079098,Barabein,Barabein,TBA,6
5500268,Barand,Barand,OMBRN,6
723861,Barbarossaplatz - Karlsruhe,Barbarossaplatz - Karlsruhe,RKBR,6
8010024,Barby,Barby,LBY,6
7100189,Barcelona Clot-Arago,Barcelona Clot-Arago,OEBCA,6
7100063,Barcelona Passeig de Gràcia,Barcelona Passeig de Gràcia,OEBPG,6
7100089,Barcelona Sant Andreu Comtal,Barcelona Sant Andreu Comtal,XEBS,6
7100064,Barcelona Sants,Barcelona Sants,XEB,6
8071336,Barchel,Barchel,ABCL,6
8400090,Barendrecht,Barendrecht,XNBA,6
8007840,Bargstedt,Bargstedt,ABAT,6
211313,Barmen Bahnhof - Wuppertal,Barmen Bahnhof - Wuppertal,D211313,6
8007070,Barmstedt,Barmstedt,ABMS,6
8007069,Barmstedt Brunnenstr,Barmstedt Brunnenstr,ABMB,6
8400091,Barneveld Centrum,Barneveld Centrum,XNBC,6
8400092,Barneveld Noord,Barneveld Noord,ONBAN,6
8400111,Barneveld Zuid,Barneveld Zuid,PNACA,6
8700789,Bartenheim(Bale),Bartenheim(Bale),OFBTH,6
8011114,Barth,Barth,WBH,6
8270060,Bascharage-Sanem,Bascharage-Sanem,XLBA,6
8070023,Basdahl Kluste,Basdahl Kluste,ABAA,6
8010025,Basdorf,Basdorf,BBAS,6
8000026,Basel Bad Bf,Basel Bad Bf,RB,2
8500132,Basel Dreispitz,Basel Dreispitz,XSBP,6
8500010,Basel SBB,Basel SBB,XSB,1
8500016,Basel St. Johann,Basel St. Johann,XSBJ,6
8700662,Basse-Ham,Basse-Ham,OFBAM,6
8500122,Bassecourt,Bassecourt,OSBSS,6
8503307,Bassersdorf,Bassersdorf,XSBD,6
5100370,Batowice Lubanskie,Batowice Lubanskie,OPBAT,6
8300397,Battipaglia,Battipaglia,XIBT,6
8000823,Bauerbach,Bauerbach,RBBC,6
8100216,Baumgarten-Schattendorf,Baumgarten-Schattendorf,OABU,6
8007888,Baumholder,Baumholder,SBH,6
8602944,Baunhoej,Baunhoej,XDBH,6
8000828,Bayerbach,Bayerbach,MBYB,6
8700257,Bayonne,Bayonne,XFBY,6
8000833,Bayreuth-St Georgen,Bayreuth-St Georgen,NBYG,6
8702486,Baziege,Baziege,OFBZI,6
8700696,Beaucaire(Gard),Beaucaire(Gard),OFBER,6
8700446,Beaulieu-sur-Mer,Beaulieu-sur-Mer,OFBEM,6
8011121,Bechstedt-Trippstein,Bechstedt-Trippstein,UBET,6
5400426,Becov u Mostu,Becov u Mostu,XTBUM,6
5100319,Bedow,Bedow,OPBDW,6
8400094,Bedum,Bedum,ONBD,6
8400096,Beek-Elsloo,Beek-Elsloo,ONBE,6
8800302,Beernem,Beernem,XBBE,6
8400097,Beesd,Beesd,ONBED,6
8400100,Beilen,Beilen,ONBEL,6
5500109,Bekescsaba,Bekescsaba,XMBS,6
5400253,Bela pod Bezdezem,Bela pod Bezdezem,XTBPB,6
5400439,Bela pod Bezdezem mesto,Bela pod Bezdezem mesto,XTBPM,6
5400440,Bela pod Bezdezem zastavka,Bela pod Bezdezem zastavka,XTBPZ,6
5400441,Bela u Stare Paky,Bela u Stare Paky,OTBSP,6
8700024,Belfort Ville,Belfort Ville,XFBF,6
8730082,Belfort-Montbéliard TGV,Belfort-Montbéliard TGV,XFBMT,6
8700068,Bellegarde(Ain),Bellegarde(Ain),XFBA,6
8700330,Belleville Meurthe et Moselle,Belleville Meurthe et Moselle,XFBV,6
8505213,Bellinzona,Bellinzona,XSBZ,6
8507076,Belp,Belp,XSBEP,6
8270135,Belval Lycée,Belval Lycée,XLBUL,6
8270130,Belval-Rédange,Belval-Rédange,XLBR,6
8270140,Belval-Université,Belval-Université,XLBUN,6
8270150,Belvaux-Soleuvre,Belvaux-Soleuvre,XLBS,6
5400035,Benesov n. Ploucnici,Benesov n. Ploucnici,XTBP,6
5400034,Benesov u Prahy,Benesov u Prahy,XTBUP,6
8700557,Benestroff,Benestroff,XFBTR,6
8700551,Benfeld(Selestat),Benfeld(Selestat),XFBEF,6
8700270,Bening,Bening,XFBE,6
8017002,Benneckenstein,Benneckenstein,LBEK,6
8011142,Berbisdorf,Berbisdorf,DBER,6
8011143,Berbisdorf Anbau,Berbisdorf Anbau,DBEA,6
8270160,Berchem(LUX),Berchem(LUX),XLBC,6
5500116,Berettyoujfalu,Berettyoujfalu,XMBTU,6
8506194,Berg(CH),Berg(CH),XSBRG,6
8400108,Bergen op Zoom,Bergen op Zoom,XNBZ,6
8007864,Berghausen Am Stadion,Berghausen Am Stadion,RBGBS,6
8070020,Berghausen Hummelberg,Berghausen Hummelberg,RHUM,6
8007863,Berghausen Pfinzbrücke,Berghausen Pfinzbrücke,RBGBP,6
8000893,Berghausen(Baden),Berghausen(Baden),RBGB,6
8000897,Bergheim-Giflitz,Bergheim-Giflitz,FBHG,6
285337,Bergstraße - Müssen,Bergstraße - Müssen,D285337,6
8700707,Bergues(Coudek),Bergues(Coudek),XFBER,6
8509197,Bergün/Bravuogn,Bergün/Bravuogn,XSBN,6
8000903,Beringen Bad Bf,Beringen Bad Bf,RBE,6
8000901,Beringerfeld,Beringerfeld,RBEF,6
8011152,Berka(Wipper),Berka(Wipper),UBWI,6
8089001,Berlin Alexanderplatz (S),Berlin Alexanderplatz (S),BALX,6
8089165,Berlin Charlottenburg (S),Berlin Charlottenburg (S),BCHS,6
8089066,Berlin Friedrichstraße (S),Berlin Friedrichstraße (S),BFST,6
8089522,Berlin Hbf (S-Bahn),Berlin Hbf (S-Bahn),BHBT,2
8089100,Berlin Jungfernheide (S),Berlin Jungfernheide (S),BJUN,6
8089185,Berlin Ostbahnhof (S),Berlin Ostbahnhof (S),BOSB,6
8089032,Berlin Potsdamer Platz (S),Berlin Potsdamer Platz (S),BPOP,6
8089073,Berlin Südkreuz (S),Berlin Südkreuz (S),BSKR,6
8089049,Berlin Wuhletal,Berlin Wuhletal,BWT,6
8089046,Berlin Zoologischer Garten (S),Berlin Zoologischer Garten (S),BZOS,6
8089193,Berlin-Karlshorst (S),Berlin-Karlshorst (S),BKLH,6
8089113,Berlin-Lichterfelde Ost (S),Berlin-Lichterfelde Ost (S),BLIO,6
8089190,Berlin-Wannsee (S),Berlin-Wannsee (S),BWSS,6
8506159,Berlingen (See),Berlingen (See),XSBLS,6
8506135,Berlingen(CH),Berlingen(CH),XSBLG,6
8507000,Bern,Bern,XSBE,1
8700221,Bernay,Bernay,XFBEY,6
8011168,Bernburg-Friedenshall,Bernburg-Friedenshall,LBGF,6
8100457,Bernhardsthal,Bernhardsthal,OABT,6
5400036,Beroun,Beroun,XTBU,6
8700765,Berthelming,Berthelming,XFBTM,6
8017219,Berthelsdorf(Erzgebirge) Ort,Berthelsdorf(Erzgebirge) Ort,DBFO,6
8270180,Bertrange-Strassen,Bertrange-Strassen,XLBG,6
8800035,Bertrix,Bertrix,XBBX,6
8010045,Bertsdorf,Bertsdorf,DBTS,6
8730086,Besançon Franche-Comté TGV,Besançon Franche-Comté TGV,XFBTV,6
8702820,Besançon-Mouillère,Besançon-Mouillère,XFB,6
8700044,Besançon-Viotte,Besançon-Viotte,XFBI,6
8400112,Best,Best,ONBT,6
8200603,Bettembourg,Bettembourg,XLB,6
8271141,Bettembourg(fr),Bettembourg(fr),XLXBB,6
8506182,Bettwiesen,Bettwiesen,XSBW,6
8270210,Betzdorf(LUX),Betzdorf(LUX),XLBZ,6
8013539,Beuchow,Beuchow,WBEU,6
8301199,Bevera,Bevera,XIBVA,6
8400113,Beverwijk,Beverwijk,XNBK,6
8501402,Bex,Bex,XSBX,6
5400462,Bezdekov u Klatov,Bezdekov u Klatov,OTBK,6
5400464,Bezdez,Bezdez,XTBEZ,6
8700064,Beziers,Beziers,XFBZ,6
8700114,Biarritz,Biarritz,XFBR,6
8505209,Biasca,Biasca,XSBC,6
8000946,Bibelöd,Bibelöd,MBID,6
8508089,Biberist Ost,Biberist Ost,XSBB,6
8508068,Biberist RBS,Biberist RBS,XSBBS,6
8101972,Bichlbach Almkopfbahn,Bichlbach Almkopfbahn,XABIA,6
8100114,Bichlbach-Berwang,Bichlbach-Berwang,XABI,6
8077777,Bichtlingen,Bichtlingen,RBIC,6
8000952,Biedenkopf,Biedenkopf,FBIK,6
8000954,Biedenkopf Campus,Biedenkopf Campus,FBIZ,6
8504300,Biel/Bienne,Biel/Bienne,XSBL,6
5100503,Bieniow,Bieniow,OPBNO,6
8100178,Bierbaum/Safen,Bierbaum/Safen,OABB,6
8007076,Biersdorf(Westerw),Biersdorf(Westerw),EBID,6
8007113,Biersdorf-Ort(Ww),Biersdorf-Ort(Ww),EBDO,6
8800262,Bierset-Awans,Bierset-Awans,XBBA,6
5500074,Biharkeresztes,Biharkeresztes,XMBH,6
5400471,Bila Tremesna,Bila Tremesna,OTBIT,6
8000968,Bilfingen,Bilfingen,TBIL,6
5400208,Bilina,Bilina,XTBI,6
5400474,Bilina Kyselka,Bilina Kyselka,OTBLK,6
330222,Bilker Allee/Friedrichstraße - Düsseldorf,Bilker Allee/Friedrichstraße - Düsseldorf,D330222,6
8600192,Billum st,Billum st,XDBL,6
8503224,Bilten,Bilten,XSBT,6
8400114,Bilthoven,Bilthoven,ONBH,6
5400478,Bily Kostel nad Nisou,Bily Kostel nad Nisou,XTBKN,6
8800038,Bilzen,Bilzen,XBBI,6
8011193,Binz LB,Binz LB,WBIO,6
8070323,Binzen,Binzen,RBZN,6
8700723,Biot(Alpes-Maritimes),Biot(Alpes-Maritimes),OFBIO,6
8007102,Birach,Birach,RBCH,6
8602985,Birk Centerpark st,Birk Centerpark st,XDBI,6
8000985,Birkenbringhausen,Birkenbringhausen,FBBH,6
8000986,Birkenfeld(Enz),Birkenfeld(Enz),TBIR,6
8017003,Birkenmoor,Birkenmoor,LBIM,6
8502221,Birmensdorf ZH,Birmensdorf ZH,XSBM,6
8100042,Bischofshofen,Bischofshofen,XABO,2
8000998,Bischweier,Bischweier,RBIS,6
8600221,Bjerringbro st,Bjerringbro st,XDBJ,6
8700804,Blainville-Damelevières,Blainville-Damelevières,XFBLV,6
5300017,Blaj,Blaj,XUBL,6
8007282,Blankenbach,Blankenbach,FBLK,6
8089186,Blankenfelde (S),Blankenfelde (S),BBFD,6
721220,Blankenloch Kirche - Stutensee,Blankenloch Kirche - Stutensee,PQSBK,6
720333,Blankenloch Mühlenweg - Stutensee,Blankenloch Mühlenweg - Stutensee,RKBLM,6
132033,Blankenloch Nord - Stutensee,Blankenloch Nord - Stutensee,PQSBR,6
720338,Blankenloch Süd - Stutensee,Blankenloch Süd - Stutensee,RKBLS,6
721228,Blankenloch Tolna-Platz - Stutensee,Blankenloch Tolna-Platz - Stutensee,RKBLT,6
8001014,Blaufelden,Blaufelden,TBLF,6
8507476,Blausee-Mitholz,Blausee-Mitholz,XSBS,6
8007827,Blens,Blens,KBLE,6
8400117,Blerick,Blerick,XNBL,6
8100669,Blindenmarkt,Blindenmarkt,XABD,6
8400118,Bloemendaal,Bloemendaal,ONBLO,6
8100067,Bludenz,Bludenz,XABL,2
8100699,Bludenz Brunnenfeld,Bludenz Brunnenfeld,OABUF,6
8100667,Bludenz-Moos,Bludenz-Moos,OABLM,6
8001029,Blumberg-Riedöschingen,Blumberg-Riedöschingen,RRD,6
8006669,Blumberg-Zollhaus,Blumberg-Zollhaus,RZS,6
8011212,Blumenau,Blumenau,DBLU,6
8010056,Blumenberg,Blumenberg,LBLG,6
8011214,Blumenthal(Mark),Blumenthal(Mark),WBMT,6
8011216,Bobzin,Bobzin,WBZN,6
5100227,Bochnia,Bochnia,XPBO,6
8400121,Bodegraven,Bodegraven,XNBD,6
8505207,Bodio TI,Bodio TI,XSBOD,6
8702850,Boen(F),Boen(F),XFBN,6
5100421,Bogaczow,Bogaczow,OPBGC,6
5100429,Boguszow Gorce,Boguszow Gorce,OPBGZ,6
5100428,Boguszow Gorce Wsch.,Boguszow Gorce Wsch.,OPBGW,6
5100511,Boguszow Gorce Zach.,Boguszow Gorce Zach.,OPBOD,6
5400511,Bohosudov,Bohosudov,OTBOH,6
5400038,Bohumin,Bohumin,XTBO,6
5400522,Bohuslavice nad Vlar,Bohuslavice nad Vlar,OTBNV,6
5400525,Bohusovice nad Ohri,Bohusovice nad Ohri,XTBNO,6
5400267,Bojkovice,Bojkovice,OTB,6
5433005,Bojkovice mesto,Bojkovice mesto,PTTPC,6
8007067,Bokholt,Bokholt,ABHT,6
5400534,Boletice nad Labem,Boletice nad Labem,OTBDL,6
8700293,Bollwiller(Lutterb),Bollwiller(Lutterb),XFBOW,6
8300217,Bologna Centrale,Bologna Centrale,XIBC,2
8300084,Bolzano/Bozen,Bolzano/Bozen,XIBZ,6
8500128,Boncourt,Boncourt,OSBOC,6
8070741,Bonn Brühler Str.,Bonn Brühler Str.,KBBS,6
8098044,Bonn Hbf (tief),Bonn Hbf (tief),KB  T,2
8070026,Bonn Heussallee/Museumsmeile,Bonn Heussallee/Museumsmeile,KB  B,6
8070075,Bonn Konrad-Adenauer-Platz,Bonn Konrad-Adenauer-Platz,KB  A,6
8070107,Bonn Stadthaus,Bonn Stadthaus,KB  H,6
8070231,Bonn-Bad Godesberg Stadthalle,Bonn-Bad Godesberg Stadthalle,KBBGS,6
8070754,Bonn-Oberkassel Mitte,Bonn-Oberkassel Mitte,KBO M,6
8070027,Bonn-Ramersdorf,Bonn-Ramersdorf,KRAMB,6
8700137,Bonneville,Bonneville,OFBO,6
8700680,Bons-en-Chablais(An),Bons-en-Chablais(An),OFBCL,6
8800315,Boom,Boom,OBO,6
8800581,Boondael/Boondaal,Boondael/Boondaal,XBBDL,6
8007061,Boostedt,Boostedt,ABOS,6
8700047,Bordeaux-St-Jean,Bordeaux-St-Jean,XFBJ,6
7179302,Bordils-Junya (APD.),Bordils-Junya (APD.),PELBU,6
8600263,Bording st,Bording st,XDBD,6
8300364,Borgo S. Dalmazzo,Borgo S. Dalmazzo,XIBOD,6
8400124,Borne(NL),Borne(NL),XNBO,6
8070447,Bornholte(b Verl),Bornholte(b Verl),EBHT,6
7900080,Borovnica,Borovnica,XZBO,6
5400548,Borovnice,Borovnice,OTBVE,6
5400549,Borovnicka,Borovnicka,OTBVK,6
5400550,Borovy,Borovy,OTBOY,6
8600272,Borris st,Borris st,XDBO,6
8600276,Borup st,Borup st,XDBOP,6
8400125,Boskoop,Boskoop,ONBOK,6
8400126,Boskoop Snijdelwijk,Boskoop Snijdelwijk,PNBKS,6
8506127,Bottighofen,Bottighofen,XSBOH,6
8600285,Boulevarden st,Boulevarden st,XDBV,6
8700130,Bourg-St.Maurice,Bourg-St.Maurice,XFBM,6
8700037,Bourg-en-Bresse,Bourg-en-Bresse,XFBB,6
8700042,Bourges,Bourges,XFBGS,6
8700333,Bouzonville,Bouzonville,XFBZV,6
8400098,Boven-Hardinxveld,Boven-Hardinxveld,PNABP,6
8400230,Bovenkarspel Flora,Bovenkarspel Flora,XNBF,6
8400127,Bovenkarspel-Grootebroek,Bovenkarspel-Grootebroek,XNBG,6
8400128,Boxmeer,Boxmeer,ONBM,6
8400129,Boxtel,Boxtel,ONBX,6
8702476,Bram,Bram,OFBA,6
8600297,Bramming st,Bramming st,XDBM,6
8102021,Brand b Litschau,Brand b Litschau,PABL,6
8001126,Brandoberndorf,Brandoberndorf,FBRD,6
8001128,Brandstätt,Brandstätt,MBRS,6
5300005,Brasov,Brasov,XUBS,6
5600209,Bratislava Nove Mesto,Bratislava Nove Mesto,XYBN,6
5600207,Bratislava hl.st.,Bratislava hl.st.,XYB,6
5600578,Bratislava predmestie,Bratislava predmestie,XYBPR,6
5600582,Bratislava-Petrzalka,Bratislava-Petrzalka,XYBZ,6
8100365,Braunau/Inn,Braunau/Inn,XABR,6
5400202,Breclav,Breclav,XTBE,6
5403739,Breclav(Gr),Breclav(Gr),XTXBE,6
8400131,Breda,Breda,XNBR,6
8400132,Breda-Prinsenbeek,Breda-Prinsenbeek,ONBRP,6
8600313,Bredebro st,Bredebro st,XDBR,6
8001140,Brefeld,Brefeld,SBRE,6
8100090,Bregenz,Bregenz,XAB,6
8101950,Bregenz Hafen,Bregenz Hafen,XABHF,6
8100473,Bregenz Riedenburg,Bregenz Riedenburg,XARD,6
8702908,Breil-sur-Roya,Breil-sur-Roya,XFBRY,6
8079063,Breinig,Breinig,KBRN,6
8011263,Breitenbrunn(Erzg),Breitenbrunn(Erzg),DBRE,6
8001148,Breitendiel,Breitendiel,NBRE,6
8100695,Breitenschützing,Breitenschützing,OABTZ,6
8007896,Bremen Kreinsloger,Bremen Kreinsloger,HBKO,6
8007895,Bremen Mühlenstraße,Bremen Mühlenstraße,HBMU,6
8007897,Bremen Turnerstraße,Bremen Turnerstraße,HBTU,6
8007892,Bremen-Aumund,Bremen-Aumund,HBRN,6
8007894,Bremen-Blumenthal,Bremen-Blumenthal,HBRB,6
8007898,Bremen-Farge,Bremen-Farge,HBRF,6
8007800,Bremervörde,Bremervörde,ABV,6
8071651,Brenk,Brenk,KBK,6
8300092,Brennero/Brenner,Brennero/Brenner,XIBN,6
8300048,Brescia,Brescia,XIBCA,6
8300076,Bressanone/Brixen,Bressanone/Brixen,XIBX,6
8800107,Bressoux,Bressoux,XBBS,6
8700434,Brest(F),Brest(F),XFBRT,6
8007841,Brest-Aspe,Brest-Aspe,AAE,6
8070093,Bretten Kupferhälde,Bretten Kupferhälde,RBTK,6
8001144,Bretten Schulzentrum,Bretten Schulzentrum,RBTS,6
8001152,Bretten Stadtmitte,Bretten Stadtmitte,RBTM,6
8079060,Bretten Wannenweg,Bretten Wannenweg,RBTW,6
8400133,Breukelen,Breukelen,ONBRU,6
5400623,Breziny u Decina,Breziny u Decina,XTBD,6
5400266,Breznice,Breznice,OTBN,6
8501609,Brig,Brig,XSBG,6
8071333,Brillit,Brillit,ABRI,6
8100366,Brixen im Thale,Brixen im Thale,XABT,6
8100101,Brixlegg,Brixlegg,XABX,6
5403721,Brniste,Brniste,XTBRI,6
5438015,Brno dolni nadrazi,Brno dolni nadrazi,XTBDN,6
5400001,Brno hl.n.,Brno hl.n.,XTBR,2
5400210,Brno-Kralovo Pole,Brno-Kralovo Pole,XTBK,6
8017004,Brocken,Brocken,LBRO,6
8600345,Broens st,Broens st,XDBN,6
8070338,Brohl(Brohltalbahn),Brohl(Brohltalbahn),KBROB,6
8506181,Bronschhofen,Bronschhofen,XSBRH,6
8301245,Bronzolo/Branzoll,Bronzolo/Branzoll,OIBRO,6
5400612,Brtniky,Brtniky,XTBRT,6
8001197,Bruchsal Bildungszentrum,Bruchsal Bildungszentrum,RBRZ,6
8070009,Bruchsal Schlachthof,Bruchsal Schlachthof,RBRF,6
8085001,Bruchsal Schloßgarten,Bruchsal Schloßgarten,RBRD,6
8085002,Bruchsal Stegwiesen,Bruchsal Stegwiesen,RBRC,6
8070008,Bruchsal Tunnelstraße,Bruchsal Tunnelstraße,RBRE,6
8079080,Bruchweiler,Bruchweiler,SBRW,6
8100047,Bruck-Fusch,Bruck-Fusch,XABF,6
8100198,Bruck/Leitha,Bruck/Leitha,XABK,6
8100032,Bruck/Mur,Bruck/Mur,XABM,6
8100680,Bruderndorf b.Langschlag,Bruderndorf b.Langschlag,OABRF,6
8100915,Bruderndorf b.Langschlag Wasserstation,Bruderndorf b.Langschlag Wasserstation,PABLW,6
8500309,Brugg AG,Brugg AG,XSBRU,6
8800029,Brugge,Brugge,XBBR,6
8700294,Brumath,Brumath,XFBAH,6
8400136,Brummen,Brummen,ONBRM,6
8303941,Brunico Nord/Bruneck Nord,Brunico Nord/Bruneck Nord,PIBN,6
8300077,Brunico/Bruneck,Brunico/Bruneck,XIBB,6
8505007,Brunnen(CH),Brunnen(CH),XSBNN,6
8800043,Brussels Airport - Zaventem,Brussels Airport - Zaventem,XBBNL,3
8800004,Bruxelles Midi,Bruxelles Midi,XBB,1
8800003,Bruxelles-Central,Bruxelles-Central,XBBL,1
8800005,Bruxelles-Luxembourg,Bruxelles-Luxembourg,XBBLX,6
8898004,Bruxelles-Midi Eurostar,Bruxelles-Midi Eurostar,XBBME,6
8800002,Bruxelles-Nord,Bruxelles-Nord,XBBN,6
8800146,Bruxelles-Schuman,Bruxelles-Schuman,XBBSM,6
5400635,Brvany,Brvany,XTB,6
5100671,Brzesko Okocim,Brzesko Okocim,XPBOK,6
8001119,Bräunlingen Bahnhof,Bräunlingen Bahnhof,RBRN,6
8070999,Bräunlingen Industriegebiet,Bräunlingen Industriegebiet,RBRI,6
8004799,Brötzingen Mitte,Brötzingen Mitte,TPB,6
8070274,Brötzingen Sandweg,Brötzingen Sandweg,TPBS,6
8070275,Brötzingen Wohnlichstraße,Brötzingen Wohnlichstraße,TPBW,6
8011273,Brügge(Prign),Brügge(Prign),WBGE,6
8071229,Bubenheim,Bubenheim,KBUB,6
5100597,Buchalow,Buchalow,OPBUA,6
8001226,Buchen Ost,Buchen Ost,RBUO,6
8001227,Buchen(Odenw),Buchen(Odenw),RBUN,6
8001228,Buchenau(Lahn),Buchenau(Lahn),FBNU,6
8509404,Buchs SG,Buchs SG,XSBU,6
5300007,Bucuresti Nord Gara A,Bucuresti Nord Gara A,XUBN,6
5100600,Budachow,Budachow,OPBUD,6
5500133,Budapest-Ferencváros,Budapest-Ferencváros,XMBF,6
5500008,Budapest-Kelenföld,Budapest-Kelenföld,XMBL,6
5500003,Budapest-Keleti,Budapest-Keleti,XMBK,6
5500728,Budapest-Nyugati,Budapest-Nyugati,XMBN,6
8011286,Buddenhagen,Buddenhagen,WBHN,6
8400139,Buitenpost,Buitenpost,XNBP,6
8500144,Buix,Buix,OSBUX,6
5400646,Bujanov,Bujanov,OTBUJ,6
8700334,Bully-Grenay,Bully-Grenay,XFBG,6
8400140,Bunde(NL),Bunde(NL),ONBU,6
8079087,Bundenthal-Rumbach,Bundenthal-Rumbach,SBTR,6
8400141,Bunnik,Bunnik,ONBUK,6
8070342,Burgbrohl,Burgbrohl,KBGL,6
8100697,Burgfried b.Gnas,Burgfried b.Gnas,XABU,6
8001284,Burghausen,Burghausen,MBUH,6
8001288,Burgkirchen,Burgkirchen,MBGK,6
8001281,Burgweiler,Burgweiler,TBUW,6
8011299,Burkhardtsdorf,Burkhardtsdorf,DBUF,6
8011303,Burkhardtsdorf Mitte,Burkhardtsdorf Mitte,DBUM,6
8007289,Burkheim-Bischoffingen,Burkheim-Bischoffingen,RBBN,6
8007226,Burladingen,Burladingen,TBLD,6
8070022,Burladingen West,Burladingen West,TBLW,6
8011301,Buschmühle,Buschmühle,DBUS,6
8007000,Busenbach,Busenbach,RBUS,6
8079118,Busenberg-Schindhard,Busenberg-Schindhard,SBNS,6
8700016,Busigny,Busigny,XFBS,6
8506190,Bussnang,Bussnang,XSBUS,6
8400145,Bussum Zuid,Bussum Zuid,ONBUZ,6
8300043,Busto Arsizio,Busto Arsizio,XIBU,6
8303051,Busto Arsizio Nord,Busto Arsizio Nord,PIBAN,6
5100005,Bydgoszcz Glowna,Bydgoszcz Glowna,XPBY,6
5400247,Bylnice,Bylnice,OTBY,6
5400663,Bysice,Bysice,XTBS,6
5100649,Bytnica,Bytnica,OPBYI,6
8503208,Bäch SZ,Bäch SZ,XSBAE,6
8011094,Bärenstein(Annaberg),Bärenstein(Annaberg),DBS,6
8011096,Bärnsdorf,Bärnsdorf,DBAE,6
8085005,Böblingen Danziger Str,Böblingen Danziger Str,TBO T,6
8085007,Böblingen Heusteigstr,Böblingen Heusteigstr,TBO H,6
8085006,Böblingen Südbf,Böblingen Südbf,TBOS,6
8085008,Böblingen Zimmerschlag,Böblingen Zimmerschlag,TBO Z,6
8070667,Böbrach,Böbrach,NBOB,6
8070159,Böckingen Sonnenbrunnen,Böckingen Sonnenbrunnen,TBCS,6
8070158,Böckingen West,Böckingen West,TBCW,6
8100094,Böckstein,Böckstein,XABS,6
8001056,Bödigheim,Bödigheim,RBGH,6
8100661,Böheimkirchen,Böheimkirchen,XABC,6
8011225,Bölzke,Bölzke,WBOE,6
8007047,Bönningstedt,Bönningstedt,ABNS,6
8007296,Bötzingen,Bötzingen,RBTZ,6
8007297,Bötzingen Mühle,Bötzingen Mühle,RBTU,6
118525,Büchener Straße - Büchen,Büchener Straße - Büchen,D118525,6
720488,Büchig - Stutensee,Büchig - Stutensee,RBUC,6
8503400,Bülach,Bülach,XSBH,6
711731,Bürgerhaus - Hessisch Lichtenau,Bürgerhaus - Hessisch Lichtenau,FHLI,6
8506106,Bürglen TG,Bürglen TG,XSBGL,6
8505404,Cadenazzo,Cadenazzo,XSCZ,6
8700480,Cagnes-sur-Mer,Cagnes-sur-Mer,OFCGM,6
8011305,Cainsdorf,Cainsdorf,DCDF,6
8700386,Calais Ville,Calais Ville,XFCK,6
8701132,Calais-Fréthun,Calais-Fréthun,XFFE,6
8001319,Caldern,Caldern,FCLD,6
7100076,Caldes de Malavella,Caldes de Malavella,XECM,6
8001320,Calmbach Bahnhof,Calmbach Bahnhof,TCA,6
8070280,Calmbach Süd,Calmbach Süd,TCAS,6
7179305,Camallera,Camallera,PEFNJ,6
8301367,Camnago-Lentate,Camnago-Lentate,OICLE,6
8300534,Campo di Trens/Freienfeld,Campo di Trens/Freienfeld,XICTF,6
8700144,Cannes,Cannes,XFCA,6
8700911,Cannes-la-Bocca,Cannes-la-Bocca,XFCB,6
8301206,Cantello Gaggiolo,Cantello Gaggiolo,PICAG,6
8301310,Cantu-Cermenate,Cantu-Cermenate,OICCE,6
8700484,Cap-Martin-Roquebrun,Cap-Martin-Roquebrun,OFCMR,6
8700829,Cap-dAil,Cap-dAil,OFCAP,6
8400147,Capelle Schollevaar,Capelle Schollevaar,ONCS,6
8270270,Capellen,Capellen,XLCP,6
8505304,Capolago-Riva S. Vitale,Capolago-Riva S. Vitale,XSCR,6
8700840,Carbonne(Boussens),Carbonne(Boussens),XFCAB,6
8700100,Carcassonne,Carcassonne,XFCN,6
8301155,Carimate,Carimate,XICAR,6
8300074,Carnia,Carnia,OICA,6
8700830,Carnoles,Carnoles,OFCAR,6
8700915,Carnoules(Toulon),Carnoules(Toulon),XFCNO,6
8300401,Casteldarne/Ehrenburg,Casteldarne/Ehrenburg,XICB,6
8700549,Castelnaudary,Castelnaudary,XFCAN,6
8505212,Castione-Arbedo,Castione-Arbedo,XSCA,6
8400151,Castricum,Castricum,ONCC,6
8300192,Cattolica-SG Gabicce,Cattolica-SG Gabicce,XICO,6
8700888,Cavaillon(Avignon),Cavaillon(Avignon),XFCAV,6
7900005,Celje,Celje,XZC,6
7179301,Celra,Celra,PEXML,6
8270280,Cents-Hamm,Cents-Hamm,XLCS,6
8700147,Cerbère,Cerbère,XFCE,6
5400730,Cernovice u Chomutova,Cernovice u Chomutova,XTCC,6
5400740,Cervene Porici,Cervene Porici,OTCPI,6
8300095,Cervignano-Aquileia-Grado,Cervignano-Aquileia-Grado,XICER,6
8300193,Cesena,Cesena,XICE,6
5400271,Ceska Kamenice,Ceska Kamenice,XTCKA,6
5400123,Ceska Kubice,Ceska Kubice,XTC,6
5400064,Ceska Lipa - Holy vrch,Ceska Lipa - Holy vrch,XTCLH,6
5400045,Ceska Lipa hl.n.,Ceska Lipa hl.n.,XTCL,2
5400746,Ceska Lipa strelnice,Ceska Lipa strelnice,XTCLS,6
5400002,Ceska Trebova,Ceska Trebova,XTTR,6
5400017,Ceske Budejovice,Ceske Budejovice,XTCB,6
5400750,Ceske Budejovice jiz.z.,Ceske Budejovice jiz.z.,OTCBZ,6
5400752,Ceske Hamry,Ceske Hamry,XTCHM,6
5400018,Ceske Velenice,Ceske Velenice,XTCV,6
8700091,Chalon sur Saône,Chalon sur Saône,XFCS,6
8700002,Chalons en Champagne,Chalons en Champagne,XFCM,6
5100708,Chalupki,Chalupki,XPCP,6
8700055,Chambéry-Challes-les-Eaux,Chambéry-Challes-les-Eaux,XFCY,6
8501020,Chambésy,Chambésy,OSCHB,6
8700335,Champigneulles,Champigneulles,XFCG,6
8800024,Charleroi Central,Charleroi Central,XBCH,2
8700261,Chateau-Thierry,Chateau-Thierry,XFCT,6
8842051,Chaudfontaine,Chaudfontaine,PBCFO,6
8700336,Chauny(Tergnier),Chauny(Tergnier),XFCH,6
5400004,Cheb,Cheb,XTCH,6
5475036,Cheb-Skalka,Cheb-Skalka,XTCS,6
8703085,Chelles Gournay,Chelles Gournay,XFCSG,6
8017400,Chemnitz Alt Chemnitz Center,Chemnitz Alt Chemnitz Center,DCACC,6
8071804,Chemnitz Annenstraße,Chemnitz Annenstraße,DCAN,6
8017475,Chemnitz Bernsbachplatz,Chemnitz Bernsbachplatz,DCANB,6
8017476,Chemnitz Brückenstraße/Freie Presse,Chemnitz Brückenstraße/Freie Presse,DC  E,6
8017402,Chemnitz Erdmannsdorfer Straße,Chemnitz Erdmannsdorfer Straße,DCACE,6
8011975,Chemnitz Erfenschlag Mitte,Chemnitz Erfenschlag Mitte,DCE,6
8071174,Chemnitz Friedrichstraße,Chemnitz Friedrichstraße,DC  F,6
8017403,Chemnitz Gustav-Freytag-Straße,Chemnitz Gustav-Freytag-Straße,DCS G,6
8071738,Chemnitz Hbf (Bahnhofstraße),Chemnitz Hbf (Bahnhofstraße),DC  O,2
8017407,Chemnitz Moritzhof,Chemnitz Moritzhof,DC  M,6
8089295,Chemnitz Omnibusbahnhof,Chemnitz Omnibusbahnhof,DCOM,6
8017401,Chemnitz Riemenschneiderstraße,Chemnitz Riemenschneiderstraße,DCHAR,6
8017480,Chemnitz Rosenbergstraße,Chemnitz Rosenbergstraße,DCANR,6
8017410,Chemnitz Roter Turm,Chemnitz Roter Turm,DC  R,6
8017409,Chemnitz Rösslerstraße,Chemnitz Rösslerstraße,DCACR,6
8017411,Chemnitz Scheffelstraße,Chemnitz Scheffelstraße,DCACS,6
8017413,Chemnitz Schneeberger Straße,Chemnitz Schneeberger Straße,DCZWS,6
8017414,Chemnitz Schule Altchemnitz,Chemnitz Schule Altchemnitz,DCACA,6
8017478,Chemnitz Stadlerplatz,Chemnitz Stadlerplatz,DCANS,6
8071816,Chemnitz Stefan-Heym-Platz,Chemnitz Stefan-Heym-Platz,DC  B,6
8017479,Chemnitz TU Campus,Chemnitz TU Campus,DCANH,6
8017481,Chemnitz Technopark,Chemnitz Technopark,DCANT,6
8017416,Chemnitz Theaterplatz,Chemnitz Theaterplatz,DC  T,6
8017417,Chemnitz Treffurthstraße,Chemnitz Treffurthstraße,DCACT,6
8017418,Chemnitz Uhlestraße,Chemnitz Uhlestraße,DCACU,6
8017419,Chemnitz Zentralhaltestelle,Chemnitz Zentralhaltestelle,DC  Z,6
8017420,Chemnitz-Altchemnitz,Chemnitz-Altchemnitz,DCAC,6
8071827,Chemnitz-Erfenschlag Ost,Chemnitz-Erfenschlag Ost,DCEO,6
8011977,Chemnitz-Harthau,Chemnitz-Harthau,DCHA,6
8011978,Chemnitz-Reichenhain,Chemnitz-Reichenhain,DCRE,6
8703089,Chenay Gagny,Chenay Gagny,XFCGG,6
8800264,Chenee,Chenee,XBCE,6
8700227,Cherbourg,Cherbourg,XFCHB,6
8400152,Chevremont(NL),Chevremont(NL),ONCH,6
8505307,Chiasso,Chiasso,XSCH,6
8300078,Chiusa/Klausen,Chiusa/Klausen,XICK,6
5400263,Chlumcany u Dobran,Chlumcany u Dobran,OTCCD,6
5400005,Chomutov,Chomutov,XTCO,1
5401259,Chomutov mesto,Chomutov mesto,XTCM,6
2200010,Chop,Chop,ZUC,6
5401260,Choratice,Choratice,OTCTE,6
5401265,Chotejovice,Chotejovice,OTCHJ,6
5401276,Chotyne,Chotyne,XTCY,6
5401287,Chrastany,Chrastany,XTCTN,6
5401284,Chrastava,Chrastava,XTCR,6
5401285,Chrastava-Andelska Hora,Chrastava-Andelska Hora,XTCA,6
5401299,Chribska,Chribska,XTCHR,6
5100810,Chrostnik,Chrostnik,OPCRT,6
5100819,Chrzanow Srodmiescie,Chrzanow Srodmiescie,OPCSR,6
8509000,Chur,Chur,XSC,2
8700210,Château du Loir,Château du Loir,XFCD,6
8700156,Château-Arnoux-St-Auban,Château-Arnoux-St-Auban,XFCAR,6
8700181,Châteauroux,Châteauroux,XFCX,6
8800045,Châtelet,Châtelet,XBCL,6
8516274,Chêne-Bourg,Chêne-Bourg,D8516274,6
5400048,Cicenice,Cicenice,OTCC,6
5100732,Ciechanowice,Ciechanowice,OPCIE,6
5400289,Cimelice,Cimelice,OTCL,6
8800046,Ciney,Ciney,XBCY,6
8703107,Cintegabelle,Cintegabelle,XFCIG,6
7900087,Cirknica,Cirknica,OJCIR,6
5400688,Citov,Citov,OTCTV,6
5400769,Cizova,Cizova,OTCZA,6
8700038,Clermont-Ferrand,Clermont-Ferrand,XFCLE,6
8700087,Clerval,Clerval,XFCL,6
8200134,Clervaux,Clervaux,XLCV,6
8700138,Cluses(Haute-Savoie),Cluses(Haute-Savoie),OFCL,6
8400153,Coevorden,Coevorden,XNCV,6
8011317,Colditz,Colditz,DCOL,6
7179314,Colera (APD.),Colera (APD.),PEFBX,6
8300091,Colle Isarco/Gossensass,Colle Isarco/Gossensass,XICIG,6
8005028,Collenberg,Collenberg,NRF,6
8700486,Collioure,Collioure,XFCLL,6
8700178,Colmar,Colmar,XFC,6
8301581,Colmegna,Colmegna,OIGNA,6
8703137,Combs la Ville Quincy,Combs la Ville Quincy,XFCQ,6
8303046,Como Nord Camerlata,Como Nord Camerlata,D8303046,6
8300056,Como S. Giovanni,Como S. Giovanni,XIC,6
8700246,Compiegne,Compiegne,XFCP,6
8300086,Conegliano,Conegliano,XICGL,6
8700277,Conflans-Jarny,Conflans-Jarny,XFCF,6
8800175,Coo,Coo,XBC,6
8501023,Coppet,Coppet,OSCPP,6
8700837,Corbehem(Douai),Corbehem(Douai),XFCOM,6
8703150,Corbeil Essonnes,Corbeil Essonnes,XFCOE,6
8504223,Cornaux NE,Cornaux NE,XSCO,6
8703161,Cosne,Cosne,XFCOS,6
8501115,Cossonay-Penthalaz,Cossonay-Penthalaz,XSCS,6
839433,Cottbuser Platz Malstatt - Saarbrücken,Cottbuser Platz Malstatt - Saarbrücken,PQSMC,6
8703169,Coulommiers,Coulommiers,XFCOL,6
8700962,Courcelles-sur-Nied,Courcelles-sur-Nied,XFCSN,6
8500141,Courchavon,Courchavon,OSCCH,6
8500121,Courfaivre,Courfaivre,OSCOU,6
8500125,Courgenay,Courgenay,OSCUG,6
8500127,Courtemaîche,Courtemaîche,OSCUM,6
8500120,Courtételle,Courtételle,OSCUL,6
8700184,Coutras,Coutras,XFCOU,6
8010074,Cranzahl,Cranzahl,DCR,6
8700072,Creil,Creil,XFCR,6
8501012,Creux-de-Genthod,Creux-de-Genthod,OSCXG,6
8700512,Croix-Wasquehal,Croix-Wasquehal,OFCXW,6
8071105,Cronheim,Cronheim,MCRO,6
8700847,Cros-de-Cagnes,Cros-de-Cagnes,OFCDC,6
5500368,Csakanydoroszlo,Csakanydoroszlo,OMCSK,6
5500030,Csorna,Csorna,OMCS,6
8301456,Cucciago,Cucciago,OICUC,6
8400155,Cuijk,Cuijk,ONCK,6
8400154,Culemborg,Culemborg,ONCU,6
8700008,Culmont-Chalindrey,Culmont-Chalindrey,XFCU,6
8700039,Culoz,Culoz,XFCZ,6
8300016,Cuneo,Cuneo,XICUN,6
8011331,Cunnertswalde,Cunnertswalde,DCN,6
8011332,Cursdorf,Cursdorf,UCF,6
5300001,Curtici,Curtici,XUCU,6
5100251,Czechowice-Dziedzice,Czechowice-Dziedzice,XPCD,6
5100096,Czerwiensk,Czerwiensk,XPCW,6
8007077,Daaden,Daaden,EDAD,6
8400164,Daarlerveen,Daarlerveen,ONDA,6
5100250,Dabrowa Gornicza,Dabrowa Gornicza,XPDGO,6
5100098,Dabrowa Gornicza Zabkowice,Dabrowa Gornicza Zabkowice,OPD,6
8506049,Dachsen,Dachsen,XSDA,6
8077770,Dagebüll Kirche,Dagebüll Kirche,ADBK,6
8007769,Dagebüll Mole,Dagebüll Mole,ADM,6
8502004,Dagmersellen,Dagmersellen,XSDS,6
8079085,Dahn,Dahn,SDA,6
8079081,Dahn Süd,Dahn Süd,SDAS,6
8400161,Dalen(NL),Dalen(NL),XNDA,6
8400167,Dalfsen,Dalfsen,OND,6
8011342,Dambeck(Altm),Dambeck(Altm),LDBK,6
723864,Dammerstock - Karlsruhe,Dammerstock - Karlsruhe,RKDS,6
8509072,Davos Dorf,Davos Dorf,XSDD,6
8509073,Davos Platz,Davos Platz,XSDP,6
8700043,Dax,Dax,XFDX,6
300206,Daxlanden Dornröschenweg - Karlsruhe,Daxlanden Dornröschenweg - Karlsruhe,PQKDG,6
373205,Daxlanden Karl-Delisle-Straße - Karlsruhe,Daxlanden Karl-Delisle-Straße - Karlsruhe,PQKDK,6
365609,Daxlanden Nussbaumweg - Karlsruhe,Daxlanden Nussbaumweg - Karlsruhe,PQKDN,6
370204,Daxlanden Thomas-Mann-Straße - Karlsruhe,Daxlanden Thomas-Mann-Straße - Karlsruhe,PQKDM,6
8400188,De Vink,De Vink,ONDVI,6
5100228,Debica,Debica,XPDB,6
5500058,Debrecen,Debrecen,XMD,6
8100722,Dechantskirchen,Dechantskirchen,OADK,6
5400003,Decin hl.n.,Decin hl.n.,XTD,2
5400783,Decin vychod,Decin vychod,XTDV,6
5400786,Decin-Certova voda,Decin-Certova voda,XTDC,6
5400789,Decin-Priper,Decin-Priper,XTDPR,6
5400788,Decin-Prostredni Zleb,Decin-Prostredni Zleb,XTDP,6
5400790,Decin-Stare Mesto,Decin-Stare Mesto,OTDSM,6
8079022,Deezbüll,Deezbüll,ADZB,6
5400794,Dehtin,Dehtin,OTDHT,6
8070349,Deinste,Deinste,ADS,6
8400168,Deinum,Deinum,ONDM,6
8400169,Delden,Delden,XNDD,6
8400170,Delft,Delft,XNDT,6
8400166,Delft Campus,Delft Campus,ONDTZ,6
8400171,Delfzijl,Delfzijl,XNDZ,6
8400175,Delfzijl West,Delfzijl West,ONDZW,6
8700132,Delle,Delle,OFDL,6
8070426,Delmenhorst Hasporter Damm,Delmenhorst Hasporter Damm,HHPD,6
8500109,Delémont,Delémont,XSDE,6
5500416,Demecser,Demecser,OMDM,6
8400179,Den Dolder,Den Dolder,ONDD,6
8400282,Den Haag Centraal,Den Haag Centraal,XNDH,1
8400280,Den Haag HS,Den Haag HS,XNDHH,6
8400380,Den Haag Laan van NOI,Den Haag Laan van NOI,ONDHL,6
8400278,Den Haag Mariahoeve,Den Haag Mariahoeve,ONDHM,6
8400279,Den Haag Moerwijk,Den Haag Moerwijk,ONHAM,6
8400030,Den Haag Ypenburg,Den Haag Ypenburg,PNAAO,6
8400311,Den Helder,Den Helder,XNDL,6
8400303,Den Helder Zuid,Den Helder Zuid,ONDLZ,6
8800050,Denderleeuw,Denderleeuw,XBDL,6
309071,Derendorf - Düsseldorf,Derendorf - Düsseldorf,D309071,6
5400800,Desenice,Desenice,XTDS,6
8300106,Desenzano del Garda-Sirmione,Desenzano del Garda-Sirmione,XIDS,6
8300608,Desio,Desio,XIDE,6
8011362,Dessau Adria,Dessau Adria,LDAD,6
8070259,Dessau-Waldersee,Dessau-Waldersee,LDWA,6
8085015,Dettenhausen,Dettenhausen,TDH,6
8001424,Dettingen Freibad,Dettingen Freibad,TDTUF,6
8001426,Dettingen Gsaidt,Dettingen Gsaidt,TDTUG,6
8001422,Dettingen Lehen,Dettingen Lehen,TDTUL,6
8070679,Dettingen-Mitte,Dettingen-Mitte,TDTU,6
8701044,Dettwiller,Dettwiller,XFDEE,6
8400172,Deurne,Deurne,ONDEU,6
8100721,Deutsch Wagram,Deutsch Wagram,OADEW,6
8100719,Deutschkreutz,Deutschkreutz,OADEK,6
5300073,Deva,Deva,XUD,6
8400173,Deventer,Deventer,XNDV,6
8400185,Deventer Colmschate,Deventer Colmschate,ONDVC,6
5600193,Devinska Nova Ves,Devinska Nova Ves,XYDN,6
8400174,Didam,Didam,ONDI,6
8070012,Diedelsheim,Diedelsheim,RBTD,6
8400165,Diemen,Diemen,ONDIM,6
8400163,Diemen Zuid,Diemen Zuid,ONDIZ,6
8700304,Diemeringen,Diemeringen,XFDM,6
8800240,Diepenbeek,Diepenbeek,XBDBK,6
8400176,Dieren,Dieren,ONDIR,6
8503428,Diessenhofen,Diessenhofen,XSDH,6
8506152,Diessenhofen (Schifflände),Diessenhofen (Schifflände),XSDHS,6
8503306,Dietlikon,Dietlikon,XSD,6
8100726,Dietmanns b.Gmünd,Dietmanns b.Gmünd,OADMS,6
8007335,Dietzelbach,Dietzelbach,RDB,6
8700340,Dieulouard,Dieulouard,XFDI,6
8200920,Differdange,Differdange,OLDI,6
8700429,Dijon Porte Neuve,Dijon Porte Neuve,XFDN,6
8700021,Dijon Ville,Dijon Ville,XFD,6
8070352,Dinkelsbühl Bf,Dinkelsbühl Bf,MDKB,6
8270340,Dippach-Reckange,Dippach-Reckange,XLDR,6
8011382,Dippoldiswalde,Dippoldiswalde,DDP,6
8001472,Distelhausen,Distelhausen,TDIH,6
8011386,Dittersdorf,Dittersdorf,DDF,6
8001474,Dittigheim,Dittigheim,TDM,6
5400811,Divnice,Divnice,OTDVN,6
8300104,Dobbiaco/Toblach,Dobbiaco/Toblach,XIDT,6
5400820,Dobkovice,Dobkovice,OTDOB,6
7900017,Dobova,Dobova,XZD,6
5400211,Dobrany,Dobrany,OTDY,6
5400832,Dobromerice,Dobromerice,XTDBM,6
8007148,Dodenhof,Dodenhof,AKTKD,6
8600416,Doestrup(Soenderjylland) st,Doestrup(Soenderjylland) st,XDDS,6
8400177,Doetinchem,Doetinchem,ONDO,6
8400184,Doetinchem De Huet,Doetinchem De Huet,ONDOH,6
5400252,Doksy,Doksy,XTDK,6
5400853,Dolanky,Dolanky,OTDLN,6
5403665,Dolany,Dolany,OTDLX,6
8700116,Dole Ville,Dole Ville,XFDO,6
8800269,Dolhain-Gileppe,Dolhain-Gileppe,XBDG,6
5400864,Dolni Berkovice,Dolni Berkovice,OTDBE,6
5400870,Dolni Habartice,Dolni Habartice,XTDH,6
5400872,Dolni Krecany,Dolni Krecany,XTDKR,6
5400881,Dolni Podluzi,Dolni Podluzi,XTDD,6
5400884,Dolni Poustevna,Dolni Poustevna,XTDA,6
5400890,Dolni Zleb,Dolni Zleb,XTDL,6
5400891,Dolni Zleb zast.,Dolni Zleb zast.,XTDZ,6
5400196,Domazlice,Domazlice,XTDO,6
5400905,Domina,Domina,XTDI,6
8270350,Dommeldange,Dommeldange,XLDM,6
8300057,Domodossola,Domodossola,XID,6
5400908,Domousice,Domousice,XTDM,6
8400180,Dordrecht,Dordrecht,XNDO,6
8400186,Dordrecht Stadspolders,Dordrecht Stadspolders,ONDOS,6
8400181,Dordrecht Zuid,Dordrecht Zuid,ONDOZ,6
8011405,Dorfchemnitz,Dorfchemnitz,DDCH,6
8100098,Dorfgastein,Dorfgastein,XADG,6
8001503,Dorfprozelten,Dorfprozelten,NDP,6
8100122,Dornbirn,Dornbirn,XADO,6
8100728,Dornbirn Schoren,Dornbirn Schoren,XADS,6
8029358,Dotternhausen-Dormettingen,Dotternhausen-Dormettingen,TDOD,6
8502212,Dottikon-Dintikon,Dottikon-Dintikon,XSDO,6
5403657,Doubi u Turnova,Doubi u Turnova,OTDUU,6
8701046,Dourges,Dourges,XFDR,6
8017005,Drahtzug,Drahtzug,LDRG,6
8270360,Drauffelt,Drauffelt,XLDF,6
8100220,Draßburg,Draßburg,OADR,6
8017006,Drei Annen Hohne,Drei Annen Hohne,LDAH,6
8400182,Driebergen-Zeist,Driebergen-Zeist,ONDZ,6
8400183,Driehuis,Driehuis,ONDR,6
8400192,Dronryp,Dronryp,ONDP,6
8400198,Dronten,Dronten,XNDR,6
8701020,Drusenheim,Drusenheim,OFDH,6
8100221,Drösing,Drösing,OADI,6
5400051,Duchcov,Duchcov,XTDU,6
7800024,Dugo Selo,Dugo Selo,XRDS,6
8400193,Duiven,Duiven,ONDV,6
8400194,Duivendrecht,Duivendrecht,XNDU,6
8700004,Dunkerque,Dunkerque,XFDK,6
377561,Durlach Auer Straße/Dr.Willmar Schwabe - Karlsruhe,Durlach Auer Straße/Dr.Willmar Schwabe - Karlsruhe,PQKAS,6
373016,Durlach Friedrichschule - Karlsruhe,Durlach Friedrichschule - Karlsruhe,D373016,6
724001,Durlach Hubstraße - Karlsruhe,Durlach Hubstraße - Karlsruhe,PQKDH,6
723857,Durlach Karl-Weysser-Straße - Karlsruhe,Durlach Karl-Weysser-Straße - Karlsruhe,RKKWS,6
721955,Durlach Schlossplatz - Karlsruhe,Durlach Schlossplatz - Karlsruhe,PQKSP,6
370018,Durlach Turmberg - Karlsruhe,Durlach Turmberg - Karlsruhe,D370018,6
364010,Durlach Untermühlstraße - Karlsruhe,Durlach Untermühlstraße - Karlsruhe,PQKUU,6
301001,Durlacher Tor/KIT-Campus Süd (U) - Karlsruhe,Durlacher Tor/KIT-Campus Süd (U) - Karlsruhe,RKDTU,6
377803,Durlacher Tor/KIT-Campus Süd - Karlsruhe,Durlacher Tor/KIT-Campus Süd - Karlsruhe,RKDTD,6
5400948,Dvur Kralove nad Labem,Dvur Kralove nad Labem,OTDKL,6
8600436,Dyreby st,Dyreby st,XDDY,6
5100100,Dzialdowo,Dzialdowo,OPDW,6
8502111,Däniken SO,Däniken SO,XSDN,6
8001481,Döhlau,Döhlau,NDAU,6
8503501,Döttingen,Döttingen,OSDOK,6
8070358,Dünsen DHE,Dünsen DHE,HDUS,6
8007818,Düren Annakirmesplatz,Düren Annakirmesplatz,KDNS,6
8007836,Düren Im Großen Tal,Düren Im Großen Tal,KDNG,6
8007832,Düren Renkerstraße,Düren Renkerstraße,KDNR,6
8007833,Düren-Kuhbrücke,Düren-Kuhbrücke,KKBR,6
8007819,Düren-Lendersdorf,Düren-Lendersdorf,KLED,6
8100724,Dürnkrut,Dürnkrut,OADKT,6
8001576,Dürrenbüchig,Dürrenbüchig,RDBG,6
8070805,Dürrenwaid Bahnhof,Dürrenwaid Bahnhof,NDW,6
8100140,Eben im Pongau,Eben im Pongau,XAEB,6
8100225,Ebenfurth,Ebenfurth,XAEF,6
8701054,Ebersheim,Ebersheim,XFEH,6
360091,Ebertstraße - Karlsruhe,Ebertstraße - Karlsruhe,PQKEB,6
5500460,Ebes,Ebes,OME,6
8100226,Ebreichsdorf,Ebreichsdorf,OAED,6
8400195,Echt,Echt,ONET,6
723609,Eckenerstraße - Karlsruhe,Eckenerstraße - Karlsruhe,RKECK,6
8400201,Ede Centrum,Ede Centrum,XNE,6
8800367,Ede(B),Ede(B),XBED,6
8400200,Ede-Wageningen,Ede-Wageningen,XNEW,6
8001660,Edelfingen,Edelfingen,TED,6
8001669,Edling,Edling,MEDL,6
8100189,Edlitz-Grimmenstein,Edlitz-Grimmenstein,OAEGS,6
8400202,Eemshaven,Eemshaven,PNEHV,6
8503305,Effretikon,Effretikon,XSEK,6
8100201,Eggenburg,Eggenburg,OAEB,6
8001677,Eggenfelden,Eggenfelden,MEGF,6
8001676,Eggenfelden Mitte,Eggenfelden Mitte,MEFM,6
8007173,Eggenstein Bf,Eggenstein Bf,REG,6
720701,Eggenstein Schweriner Straße - Eggenstein-Leopoldsh,Eggenstein Schweriner Straße - Eggenstein-Leopoldsh,REGSN,6
301122,Eggenstein Spöcker Weg - Eggenstein-Leopoldshafen,Eggenstein Spöcker Weg - Eggenstein-Leopoldshafen,PQESW,6
720703,Eggenstein Süd - Eggenstein-Leopoldshafen,Eggenstein Süd - Eggenstein-Leopoldshafen,REGS,6
8070866,Eggingen,Eggingen,RUEG,6
8001678,Egglkofen,Egglkofen,MEGK,6
8503402,Eglisau,Eglisau,XSEG,6
8301491,Egna-Termeno/Neumarkt-Tramin,Egna-Termeno/Neumarkt-Tramin,OIENT,6
8506309,Egnach,Egnach,XSEN,6
5500471,Egyhazasradoc,Egyhazasradoc,OMEGH,6
8001691,Ehringen,Ehringen,FEGN,6
8100089,Ehrwald Zugspitzbahn,Ehrwald Zugspitzbahn,XAEZ,6
966906,Eibsee Zugspitzbahn - Grainau,Eibsee Zugspitzbahn - Grainau,MEIB,6
8011458,Eich(Sachs),Eich(Sachs),DEI,6
8007295,Eichstetten am Kaiserstuhl,Eichstetten am Kaiserstuhl,RE,6
8400219,Eijsden,Eijsden,XNEJ,6
8001719,Einbeck BBS/PS-Speicher,Einbeck BBS/PS-Speicher,HEBP,6
8001717,Einbeck Mitte,Einbeck Mitte,HEBM,6
8001723,Einbeck Otto-Hahn-Straße,Einbeck Otto-Hahn-Straße,HEBA,6
8400206,Eindhoven Centraal,Eindhoven Centraal,XNEI,2
8400196,Eindhoven Strijp-S,Eindhoven Strijp-S,ONEIB,6
8011466,Einsiedel,Einsiedel,DED,6
8071828,Einsiedel August-Bebel-Platz,Einsiedel August-Bebel-Platz,DEDP,6
8071781,Einsiedel Brauerei,Einsiedel Brauerei,DEDB,6
8011464,Einsiedel Hp Gymnasium,Einsiedel Hp Gymnasium,DEDH,6
8503283,Einsiedeln,Einsiedeln,XSES,6
8001724,Eisemroth,Eisemroth,FERT,6
8070856,Eisenheim,Eisenheim,NEHM,6
8001725,Eisenärzt,Eisenärzt,MEZT,6
8017007,Eisfelder Talmühle,Eisfelder Talmühle,LETM,6
836588,Eiweiler Nord - Heusweiler,Eiweiler Nord - Heusweiler,PQHEN,6
836587,Eiweiler - Heusweiler,Eiweiler - Heusweiler,PQHE,6
8800189,Ekeren,Ekeren,XBEK,6
8017008,Elend,Elend,LELD,6
8007050,Ellerau,Ellerau,AELA,6
8701064,Elne,Elne,XFEL,6
8001754,Elpersheim,Elpersheim,TELP,6
8100772,Elsbethen,Elsbethen,XAEL,6
8400207,Elst,Elst,XNEL,6
8001767,Emden Außenhafen,Emden Außenhafen,HEA,6
8400093,Emmen Zuid,Emmen Zuid,XNEMZ,6
8400208,Emmen(NL),Emmen(NL),XNEMM,6
8502021,Emmenbrücke,Emmenbrücke,XSEB,6
8007285,Endingen am Kaiserstuhl,Endingen am Kaiserstuhl,REN,6
8029356,Endingen(Württ),Endingen(Württ),TEND,6
8070368,Engeln,Engeln,KENG,6
8001792,Engertsham,Engertsham,MEGH,6
8600494,Engesvang st,Engesvang st,XDEV,6
8800464,Engis,Engis,XBEN,6
8070456,Engstingen,Engstingen,TKL,6
8003335,Engstingen Schulzentrum,Engstingen Schulzentrum,TENS,6
8400210,Enkhuizen,Enkhuizen,XNEK,6
8100011,Enns,Enns,XAEN,6
8400212,Enschede,Enschede,XNES,6
8400012,Enschede De Eschmarke,Enschede De Eschmarke,XNDE,6
8400213,Enschede Kennispark,Enschede Kennispark,ONESD,6
230051,Entenfang - Karlsruhe,Entenfang - Karlsruhe,PQKE,6
8001802,Entringen,Entringen,TENT,6
8700053,Epernay,Epernay,XFE,6
8702401,Epierre-St Leger,Epierre-St Leger,XFEI,6
8700255,Epinal,Epinal,XFEN,6
5300095,Episcopia Bihor,Episcopia Bihor,XUEB,6
8000373,Eppingen,Eppingen,REP,6
8079077,Eppingen West,Eppingen West,REPW,6
723573,Erbprinz/Schloss - Ettlingen,Erbprinz/Schloss - Ettlingen,RETE,6
8011497,Erdmannsdorf-Augustusburg,Erdmannsdorf-Augustusburg,DEA,6
8001842,Erkrath-Nord,Erkrath-Nord,KERN,6
8011505,Erla,Erla,DERA,6
8011506,Erlabrunn(Erzgeb),Erlabrunn(Erzgeb),DERB,6
8506107,Erlen,Erlen,XSE,6
8001848,Erlenbach(Main),Erlenbach(Main),NERL,6
8506133,Ermatingen,Ermatingen,XSEM,6
8506162,Ermatingen (See),Ermatingen (See),XSEMS,6
8400216,Ermelo,Ermelo,ONER,6
8001854,Ernsthausen,Ernsthausen,FERH,6
8800023,Erquelinnes,Erquelinnes,XBEQ,6
8800492,Erquelinnes-Village,Erquelinnes-Village,XBEQV,6
8001861,Ersingen,Ersingen,TERS,6
8079090,Ersingen West,Ersingen West,TERW,6
8700281,Erstein,Erstein,XFES,6
8505114,Erstfeld,Erstfeld,XSEF,6
8029357,Erzingen(Württ),Erzingen(Württ),TERZ,6
8600508,Esbjerg st,Esbjerg st,XDE,6
8200640,Esch-sur-Alzette,Esch-sur-Alzette,XLEA,6
8100770,Eschenau/Salzach,Eschenau/Salzach,XAEU,6
8070857,Escherndorf-Vogelsburg,Escherndorf-Vogelsburg,NESD,6
8001884,Eschwege,Eschwege,FEG,6
8001895,Eschwege-Niederhone,Eschwege-Niederhone,FONH,6
8001888,Eschweiler Talbahnhof,Eschweiler Talbahnhof,KET,6
8001889,Eschweiler-Nothberg,Eschweiler-Nothberg,KEN,6
8001917,Eschweiler-St.Jöris,Eschweiler-St.Jöris,KESJ,6
8001893,Eschweiler-Weisweiler,Eschweiler-Weisweiler,KWEI,6
8001887,Eschweiler-West,Eschweiler-West,KEW,6
7400053,Eslöv station,Eslöv station,XVEV,6
8800273,Esneux,Esneux,XBEX,6
8071334,Essel,Essel,AESL,6
208087,Essen (Ruhr) Süd,Essen (Ruhr) Süd,D208087,6
8072037,Essen Hbf Kruppstraße/Am Thyssenhaus,Essen Hbf Kruppstraße/Am Thyssenhaus,EE  K,2
8800009,Essen(B),Essen(B),XBES,6
360626,Essenweinstraße - Karlsruhe,Essenweinstraße - Karlsruhe,RKESW,6
8700548,Etampes,Etampes,XFETP,6
8200120,Ettelbruck,Ettelbruck,XLET,6
8400218,Etten-Leur,Etten-Leur,ONEL,6
8007007,Ettlingen Stadt,Ettlingen Stadt,RETT,6
121012,Ettlinger Tor/Staatstheater (U) - Karlsruhe,Ettlinger Tor/Staatstheater (U) - Karlsruhe,PQKEE,6
130071,Ettlinger Tor/Staatstheater - Karlsruhe,Ettlinger Tor/Staatstheater - Karlsruhe,PQKET,6
8007334,Etzenbach,Etzenbach,REZB,6
8001932,Etzenricht,Etzenricht,NEZ,6
8007008,Etzenrot,Etzenrot,RETZ,6
8506025,Etzwilen,Etzwilen,XSEW,6
8100774,Eugendorf,Eugendorf,XAED,6
8800110,Eupen,Eupen,XBEP,6
140060,Europaplatz (U) - Karlsruhe,Europaplatz (U) - Karlsruhe,PQKEA,6
240037,Europaplatz - Karlsruhe,Europaplatz - Karlsruhe,PQKER,6
8006673,Euskirchen Zuckerfabrik,Euskirchen Zuckerfabrik,KZU,6
8011522,Eutzsch,Eutzsch,LEU,6
8700090,Evian-les-Bains,Evian-les-Bains,OFEV,6
8700219,Evreux Normandie,Evreux Normandie,XFEV,6
8400338,Eygelshoven,Eygelshoven,ONEV,6
8400043,Eygelshoven Markt,Eygelshoven Markt,XNEM,6
8701100,Eze,Eze,OFEZN,6
8100084,Faak am See,Faak am See,XAFS,6
8505204,Faido,Faido,XSFD,6
8011528,Falkenau(Sachs)Hp,Falkenau(Sachs)Hp,DFU,6
8017346,Falkenhagen Gewerbepark Prignitz,Falkenhagen Gewerbepark Prignitz,WFAP,6
8079310,Fangschleuse Tesla Süd,Fangschleuse Tesla Süd,BFTS,6
8001964,Faulbach(Main),Faulbach(Main),NFCH,6
8700268,Faulquemont,Faulquemont,XFF,6
8400638,Feanwalden,Feanwalden,ONVWD,6
8701130,Fegersheim Lipsheim,Fegersheim Lipsheim,XFFHL,6
5500498,Fegyvernek-Örmenyes,Fegyvernek-Örmenyes,OMFEO,6
8001274,Fehmarn-Burg,Fehmarn-Burg,ABUF,6
8503302,Fehraltorf,Fehraltorf,XSFE,6
8100176,Fehring,Fehring,OAFE,6
8100175,Feldbach/Raab,Feldbach/Raab,OAF,6
8011534,Feldberg(Meckl),Feldberg(Meckl),WFEL,6
8100197,Feldkirch,Feldkirch,XAFK,6
8100791,Feldkirch Amberg,Feldkirch Amberg,OAFKA,6
8100039,Feldkirchen in Kärnten,Feldkirchen in Kärnten,XAFT,6
8100780,Felixdorf,Felixdorf,XAFX,6
8319371,Ferno-Lonate Pozzolo,Ferno-Lonate Pozzolo,PIFLP,6
5500032,Fertöszentmiklos,Fertöszentmiklos,OMFE,6
5501633,Fertöszeplak-Fertöd,Fertöszeplak-Fertöd,OMFFD,6
8070601,Feuchtwangen Bf,Feuchtwangen Bf,MFWG,6
8001980,Feudingen,Feudingen,EFEU,6
8100053,Fieberbrunn,Fieberbrunn,XAFB,2
7100078,Figueres,Figueres,XEFI,6
7104307,Figueres Vilafant,Figueres Vilafant,PEFIA,6
8509195,Filisur,Filisur,XSFI,6
8007889,Finsterwald,Finsterwald,MGMF,6
8300180,Firenze Campo di Marte,Firenze Campo di Marte,XIFRC,6
8300151,Firenze S.M.N.,Firenze S.M.N.,XIFRS,6
8070806,Fischhaus,Fischhaus,NFHA,6
720822,Fischweier - Karlsbad,Fischweier - Karlsbad,RFIW,6
8002001,Fladungen,Fladungen,NFD,6
8504103,Flamatt,Flamatt,XSFM,6
7100130,Flassa,Flassa,XEFL,6
8100795,Flaurling,Flaurling,XAFG,6
8002005,Flehingen,Flehingen,RFL,6
8070006,Flensburg-Weiche,Flensburg-Weiche,AFW,6
8700217,Flers,Flers,XFFL,6
304903,Flingern S-Bahnhof - Düsseldorf,Flingern S-Bahnhof - Düsseldorf,D304903,6
8011548,Floßmühle,Floßmühle,DFM,6
8100353,Flughafen Wien,Flughafen Wien,XAWIF,3
8509413,Flums,Flums,XSFL,6
8010128,Flöha-Plaue,Flöha-Plaue,DFLP,6
8505112,Flüelen,Flüelen,XSFU,6
8701165,Fontaine,Fontaine,XFFT,6
8800489,Fontaine-Valmont,Fontaine-Valmont,XBFTV,6
8700535,Fontainebleau-Avon,Fontainebleau-Avon,XFFA,6
8703330,Fontan Saorge,Fontan Saorge,XFFS,6
8700271,Forbach(F),Forbach(F),XFFB,6
8002022,Forbach(Schwarzw),Forbach(Schwarzw),RFCH,6
720557,Forchheim Hallenbad - Rheinstetten,Forchheim Hallenbad - Rheinstetten,PQRFH,6
723911,Forchheim Hauptstraße - Rheinstetten,Forchheim Hauptstraße - Rheinstetten,RFOH,6
720841,Forchheim Leichtsandstr./Messe Karlsruhe - Rheinste,Forchheim Leichtsandstr./Messe Karlsruhe - Rheinste,PQRFL,6
371210,Forchheim Leichtsandstraße/Messe Karlsruhe - Rheins,Forchheim Leichtsandstraße/Messe Karlsruhe - Rheins,PQRFI,6
720560,Forchheim Oberfeldstraße - Rheinstetten,Forchheim Oberfeldstraße - Rheinstetten,RFOO,6
8800397,Forest Midi/Vorst Zuid,Forest Midi/Vorst Zuid,XBFM,6
7179205,Fornells (APD.),Fornells (APD.),PEAQQ,6
716134,Forstfeldstraße - Kassel,Forstfeldstraße - Kassel,FKBHF,6
8002028,Forsting,Forsting,MFOS,6
8300089,Fortezza/Franzensfeste,Fortezza/Franzensfeste,XIFF,6
8703343,Fourchambault,Fourchambault,XFFLT,6
8007344,Frahelsbruck,Frahelsbruck,NFHB,6
8800266,Fraipont,Fraipont,XBFR,6
8800591,Franchimont,Franchimont,XBFCM,6
8400232,Franeker,Franeker,ONFR,6
8000104,Frankenberg(Eder),Frankenberg(Eder),FFRK,6
8002033,Frankenberg-Goßberg,Frankenberg-Goßberg,FFRG,6
8006082,Frankenberg-Viermünden,Frankenberg-Viermünden,FVI,6
8100018,Frankenmarkt,Frankenmarkt,XAFA,6
8098105,Frankfurt Hbf (tief),Frankfurt Hbf (tief),FFT,2
8071169,Frankfurt(Main) Stresemannallee/Mörfelder Landstr,Frankfurt(Main) Stresemannallee/Mörfelder Landstr,FSTLM,6
8007158,Frankfurt-Unterliederbach,Frankfurt-Unterliederbach,FULB,6
5400961,Frantiskov nad Ploucnici,Frantiskov nad Ploucnici,XTFNP,6
5400197,Frantiskovy Lazne,Frantiskovy Lazne,XTF,6
5474010,Frantiskovy Lazne Aquaforum,Frantiskovy Lazne Aquaforum,XTFA,6
8100069,Frastanz,Frastanz,XAFR,6
8007010,Frauenalb-Schielberg,Frauenalb-Schielberg,RFS,6
8506100,Frauenfeld,Frauenfeld,XSFA,6
8100238,Frauenkirchen,Frauenkirchen,OAFRK,6
8071335,Fredenbeck,Fredenbeck,AFE,6
8600623,Fredericia st,Fredericia st,XDF,6
8503210,Freienbach SBB,Freienbach SBB,XSFB,2
8000340,Freimersheim(Rheinh),Freimersheim(Rheinh),FFRH,6
8100239,Freistadt,Freistadt,OAFRS,6
8011568,Freital-Coßmannsdorf,Freital-Coßmannsdorf,DFCO,6
8007804,Frelsdorf,Frelsdorf,AFF,6
8070392,Fremdingen Bf,Fremdingen Bf,MFRD,6
8500022,Frenkendorf-Füllinsdorf,Frenkendorf-Füllinsdorf,XSFF,6
8002089,Freudenberg-Kirschfurt,Freudenberg-Kirschfurt,NFM,6
8002087,Freudenstadt Industriegebiet,Freudenstadt Industriegebiet,TFSI,6
8002090,Freudenstadt Schulzentrum,Freudenstadt Schulzentrum,TFSZ,6
8002091,Freudenstadt Stadt,Freudenstadt Stadt,TFSS,6
8002094,Freyung Bf,Freyung Bf,NFY,6
8504100,Fribourg/Freiburg,Fribourg/Freiburg,XSF,6
8500305,Frick,Frick,XSFRK,6
8007446,Frickenhausen,Frickenhausen,TFKH,6
8090022,Frickenhausen Kelterstraße,Frickenhausen Kelterstraße,TFKHK,6
8002097,Fridolfing,Fridolfing,MFDF,6
8100185,Friedberg in der Steiermark,Friedberg in der Steiermark,OAFR,6
8100241,Friedburg,Friedburg,XAFI,6
8002101,Friedensdorf(Lahn),Friedensdorf(Lahn),FFRD,6
8011575,Friedewald(Kr Dresden) Bad,Friedewald(Kr Dresden) Bad,DFW,6
8011576,Friedewald(Kr Dresden)Hp,Friedewald(Kr Dresden)Hp,DFWH,6
8079024,Friedrichsgabe,Friedrichsgabe,AFRG,6
8017009,Friedrichshöhe,Friedrichshöhe,LFH,6
712894,Friedrichsplatz - Kassel,Friedrichsplatz - Kassel,FKFPL,6
8002113,Friedrichsruh,Friedrichsruh,AFRD,6
319911,Friedrichstadt - Düsseldorf,Friedrichstadt - Düsseldorf,D319911,6
721299,Friedrichstal Mitte - Stutensee,Friedrichstal Mitte - Stutensee,PQSFM,6
721297,Friedrichstal Nord - Stutensee,Friedrichstal Nord - Stutensee,PQSFN,6
721300,Friedrichstal Saint-Riquier-Platz - Stutensee,Friedrichstal Saint-Riquier-Platz - Stutensee,PQSFS,6
8002126,Friedrichstal b Freudenstadt,Friedrichstal b Freudenstadt,RFRT,6
8002118,Friedrichsthal(b Bayreuth),Friedrichsthal(b Bayreuth),NFSB,6
8011583,Friedrichswalde(bei Eberswalde),Friedrichswalde(bei Eberswalde),WFL,6
8100076,Friesach in Kärnten,Friesach in Kärnten,XAF,6
8600639,Frisvadvej st,Frisvadvej st,XDFV,6
8100104,Fritzens-Wattens,Fritzens-Wattens,XAFW,6
8002129,Fritzlar,Fritzlar,FFZ,6
8100033,Frohnleiten,Frohnleiten,OAFO,6
8702402,Frontenex,Frontenex,XFFX,6
8701164,Frontignan,Frontignan,OFFTG,6
8701112,Frouard,Frouard,XFFD,6
8800395,Froyennes,Froyennes,XBFY,6
8507478,Frutigen,Frutigen,XSFR,6
8007005,Furschenbach,Furschenbach,RFU,6
8100814,Furth b.Mattighofen,Furth b.Mattighofen,XAFH,6
8703726,Futuroscope,Futuroscope,XFFU,6
8011524,Fährbrücke,Fährbrücke,DFBE,6
8100797,Föderlach,Föderlach,XAFC,6
8100368,Fürnitz,Fürnitz,XAFU,6
8070809,Fürsteneck,Fürsteneck,NFUE,6
8100177,Fürstenfeld,Fürstenfeld,OAFFD,6
8002145,Fürstenwald,Fürstenwald,FFNW,6
8002146,Fürstenzell,Fürstenzell,MFZL,6
8400034,Gaanderen,Gaanderen,PNAAS,6
8600669,Gaarde st(DK),Gaarde st(DK),XDGR,6
5101171,Gadkow Wielki,Gadkow Wielki,OPGKW,6
8002167,Gaggenau Bf,Gaggenau Bf,RGG,6
8006733,Gaggenau Mercedes-Benz Werk,Gaggenau Mercedes-Benz Werk,RDAI,6
8301213,Gaggiolo transito,Gaggiolo transito,PIXG,6
8703361,Gagny,Gagny,XFGN,6
8703364,Gaillon Aubevoye,Gaillon Aubevoye,XFGAA,6
8100246,Gaisbach-Wartberg,Gaisbach-Wartberg,OAGSW,6
8100819,Gaishorn,Gaishorn,OAGAH,6
8300058,Gallarate,Gallarate,XIGA,6
8011593,Gallin,Gallin,WGAL,6
8701177,Gambsheim,Gambsheim,OFGB,6
8002177,Gamburg(Tauber),Gamburg(Tauber),TGAM,6
8007229,Gammertingen,Gammertingen,TGMT,6
8070382,Gammertingen Europastraße,Gammertingen Europastraße,TGME,6
8501603,Gampel-Steg,Gampel-Steg,XSGM,6
8700344,Gandrange-Amneville,Gandrange-Amneville,XFGD,6
8700026,Gannat,Gannat,XFGAN,6
8011595,Ganzlin,Ganzlin,WGLN,6
8002184,Garching(Alz),Garching(Alz),MGA,6
8700345,Gardanne,Gardanne,XFGA,6
8011597,Garftitz,Garftitz,WGFZ,6
8002188,Garmisch-Partenkirchen Hausberg,Garmisch-Partenkirchen Hausberg,MGPH,6
8002189,Gars(Inn),Gars(Inn),MGS,6
8100332,Gattendorf,Gattendorf,OAGTX,6
8002197,Gausbach,Gausbach,RGBA,6
8007227,Gauselfingen,Gauselfingen,TGSF,6
5100009,Gdansk Glowny,Gdansk Glowny,XPG,2
5101104,Gdansk Oliwa,Gdansk Oliwa,XPGOL,6
5101307,Gdansk Wrzeszcz,Gdansk Wrzeszcz,XPGWR,6
5100010,Gdynia Glowna,Gdynia Glowna,XPGD,6
8011601,Gebersdorf,Gebersdorf,UGEB,6
8007805,Geestenseth,Geestenseth,AGTH,6
8100830,Geinberg,Geinberg,XAGEI,6
8002211,Geisenhausen,Geisenhausen,MGHS,6
8002200,Geisingen-Aulfingen,Geisingen-Aulfingen,RGA,6
8002204,Geisingen-Hausen,Geisingen-Hausen,RGHA,6
8002213,Geisingen-Kirchen,Geisingen-Kirchen,RGK,6
8002215,Geisingen-Leipferdingen,Geisingen-Leipferdingen,RGL,6
8400244,Geldermalsen,Geldermalsen,XNGM,6
8400245,Geldrop,Geldrop,ONGL,6
8400246,Geleen Oost,Geleen Oost,ONLUO,6
8400248,Geleen-Lutterade,Geleen-Lutterade,XNLU,6
8500027,Gelterkinden,Gelterkinden,XSGK,6
8800057,Gembloux,Gembloux,XBGX,6
8002228,Gemmingen,Gemmingen,TGEM,6
8071001,Gemmingen West,Gemmingen West,TGEW,6
8300090,Gemona del Friuli,Gemona del Friuli,XIGF,6
8002234,Gendorf,Gendorf,MGND,6
8800111,Genk,Genk,XBGK,6
8300153,Genova Piazza Principe,Genova Piazza Principe,XIGP,6
8800031,Gent St Pieters,Gent St Pieters,XBGP,6
8800058,Gent-Dampoort,Gent-Dampoort,XBGD,6
8800328,Gentbrugge,Gentbrugge,XBGB,6
8501021,Genthod-Bellevue,Genthod-Bellevue,OSGEB,6
8501008,Genève,Genève,XSGE,1
8501026,Genève-Aéroport,Genève-Aéroport,XSGEA,6
8516272,Genève-Champel,Genève-Champel,D8516272,6
8516273,Genève-Eaux-Vives,Genève-Eaux-Vives,D8516273,6
8516283,Genève-Sécheron,Genève-Sécheron,PSATA,6
8011617,Gera Ost,Gera Ost,UGOT,6
8011620,Gera-Liebschwitz,Gera-Liebschwitz,UGLW,6
8508088,Gerlafingen,Gerlafingen,XSGF,6
8100879,Gerling im Pinzgau,Gerling im Pinzgau,XAGE,6
8010127,Gernrode(Harz),Gernrode(Harz),LGDE,6
8002248,Gernsbach Bf,Gernsbach Bf,RGS,6
8002250,Gernsbach Mitte,Gernsbach Mitte,RGSD,6
8505410,Gerra (Gambarogno),Gerra (Gambarogno),OSG,6
215908,Gerresheim S-Bahnhof - Düsseldorf,Gerresheim S-Bahnhof - Düsseldorf,D215908,6
8007075,Gerstetten,Gerstetten,TGSN,6
8071356,Gevelsberg West Bhf,Gevelsberg West Bhf,D8071356,6
8700346,Gevrey-Chambertin,Gevrey-Chambertin,XFGE,6
8100549,Gießenbach in Tirol,Gießenbach in Tirol,XAGB,6
8011633,Gildenhall,Gildenhall,WGIH,6
8400251,Gilze-Rijen,Gilze-Rijen,ONGR,6
7100077,Girona,Girona,XEG,6
8502201,Gisikon-Root,Gisikon-Root,XSGNR,6
8703408,Gisors Embranchement,Gisors Embranchement,XFGI,6
839548,Gisorsstr. - Riegelsberg,Gisorsstr. - Riegelsberg,PQRGI,6
8505214,Giubiasco,Giubiasco,XSGI,6
8602940,Gjesing st,Gjesing st,XDGJ,6
8501031,Gland,Gland,OSGLD,6
8400011,Glanerbrug,Glanerbrug,XNGB,6
8002287,Glanzstoffwerke,Glanzstoffwerke,NGLW,6
8503310,Glattbrugg,Glattbrugg,XSG,6
8503401,Glattfelden,Glattfelden,XSGA,6
8100195,Gleisdorf,Gleisdorf,OAGL,6
5100011,Gliwice,Gliwice,XPGL,6
8100026,Gloggnitz,Gloggnitz,XAGL,6
5100012,Glogow,Glogow,XPGLO,6
8800239,Glons,Glons,XBGO,6
8070199,Glossen(b Oschatz),Glossen(b Oschatz),DGLO,6
8500123,Glovelier,Glovelier,OSGLO,6
8007631,Gmund(Tegernsee),Gmund(Tegernsee),MGMD,6
8100129,Gmünd NÖ,Gmünd NÖ,XAGN,6
8102020,Gmünd NÖ Böhmzeil,Gmünd NÖ Böhmzeil,PABGK,6
8007114,Gnarrenburg,Gnarrenburg,AGNB,6
8070036,Gnarrenburg Nord,Gnarrenburg Nord,AGNBN,6
8100857,Gniebing,Gniebing,OAGNI,6
5100013,Gniezno,Gniezno,XPGN,6
8007143,Gochsheim(Baden),Gochsheim(Baden),RGOM,6
8270480,Goebelsmühle,Goebelsmühle,XLGB,6
8400253,Goes,Goes,ONG,6
8700536,Golfe-Juan-Vallauris,Golfe-Juan-Vallauris,OFGOF,6
8100041,Golling-Abtenau,Golling-Abtenau,XAGA,6
8100255,Gols,Gols,OAGOL,6
8070400,Gomadingen,Gomadingen,TGOM,6
8070011,Gondelsheim Schlossstadion,Gondelsheim Schlossstadion,RGOS,6
8002326,Gondelsheim(Baden),Gondelsheim(Baden),RGO,6
8400254,Goor,Goor,ONGO,6
8507474,Goppenstein,Goppenstein,XSGO,6
8505402,Gordola,Gordola,OSGOL,6
8400256,Gorinchem,Gorinchem,ONGN,6
5101325,Gorzelin,Gorzelin,OPGZL,6
5100014,Gorzow Wielkopolski,Gorzow Wielkopolski,XPGW,6
8506210,Gossau SG,Gossau SG,XSGG,6
372506,Gottesauer Platz/BGV - Karlsruhe,Gottesauer Platz/BGV - Karlsruhe,PQKGP,6
8506163,Gottlieben (Schifflände),Gottlieben (Schifflände),XSGL,6
8400258,Gouda,Gouda,XNG,6
8400257,Gouda Goverwelle,Gouda Goverwelle,ONGG,6
8800060,Gouvy,Gouvy,XBGY,6
8002332,Goßfelden,Goßfelden,FGOF,6
8100182,Grafendorf bei Hartberg,Grafendorf bei Hartberg,OAGD,6
8007339,Grafenwiesen,Grafenwiesen,NGFW,6
8701209,Graffenstaden,Graffenstaden,XFGR,6
8100369,Gramatneusiedl,Gramatneusiedl,XAGR,6
8400259,Gramsbergen,Gramsbergen,ONGRA,6
7100075,Granollers,Granollers,XEGR,6
8705486,Grasse,Grasse,PFAGT,6
8100370,Gratwein-Gratkorn,Gratwein-Gratkorn,XAGG,6
8070660,Grauschwitz Flocke,Grauschwitz Flocke,DGFL,6
8103490,Graz Don Bosco (Bahnsteige 1-2),Graz Don Bosco (Bahnsteige 1-2),PALVO,6
8100173,Graz Hbf,Graz Hbf,XAG,1
8100371,Graz Ostbahnhof-Messe,Graz Ostbahnhof-Messe,XAGO,6
8103487,Graz-Liebenau Murpark,Graz-Liebenau Murpark,OAGLM,6
5101130,Grebocice,Grebocice,OPGEB,6
8600771,Gredstedbro st,Gredstedbro st,XDGB,6
8500159,Grenchen Nord,Grenchen Nord,XSGRN,6
8700034,Grenoble,Grenoble,XFG,6
8703396,Grenoble Universités Gières,Grenoble Universités Gières,OFGEY,6
8702403,Gresy-sur-Isere,Gresy-sur-Isere,XFGS,6
8701175,Gretz-Armainvilliers,Gretz-Armainvilliers,XFGZ,6
8100258,Gries am Brenner,Gries am Brenner,XAGRB,6
8100892,Gries im Pinzgau,Gries im Pinzgau,XAGI,6
8100022,Grieskirchen-Gallspach,Grieskirchen-Gallspach,XAGP,6
8100907,Grieswirt,Grieswirt,OAGWT,6
8400267,Grijpskerk,Grijpskerk,ONGI,6
8800527,Groenendaal,Groenendaal,XBGR,6
8703441,Groisy Thorens la Caille,Groisy Thorens la Caille,OFIRN,6
8400263,Groningen,Groningen,XNGR,6
8400042,Groningen Europapark,Groningen Europapark,PNABA,6
8400264,Groningen Noord,Groningen Noord,ONGRN,6
8400266,Grou-Jirnsum,Grou-Jirnsum,ONGRI,6
8011715,Groß Behnitz,Groß Behnitz,LGBZ,6
8070403,Groß Ippener DHE,Groß Ippener DHE,HGIP,6
8011731,Groß Quassow,Groß Quassow,WGQ,6
8011734,Groß Schönebeck,Groß Schönebeck,BGSK,6
8011741,Großbodungen,Großbodungen,UGBD,6
8007060,Großenaspe,Großenaspe,AGSA,6
8002411,Großenbrode,Großenbrode,AGRO,6
8100839,Großgerungs,Großgerungs,OAGGE,6
8100906,Großweikersdorf,Großweikersdorf,OAGWE,6
230303,Gruiten Bahnhof - Haan,Gruiten Bahnhof - Haan,D230303,6
5100109,Gryfow Sl.,Gryfow Sl.,OPGR,6
8000132,Grävenwiesbach,Grävenwiesbach,FGR,6
8100135,Gröbming,Gröbming,XAGM,6
8000381,Grötzingen,Grötzingen,RGZ,6
8007861,Grötzingen Krappmühlenweg,Grötzingen Krappmühlenweg,RGZK,6
8079057,Grötzingen Oberausstraße,Grötzingen Oberausstraße,RGZO,6
8011777,Grünhainichen-Borstendorf,Grünhainichen-Borstendorf,DGRB,6
8070669,Gstadt(Wanderbahn),Gstadt(Wanderbahn),NSDT,6
7179105,Gualba (APD.),Gualba (APD.),PELGJ,6
5101281,Gubin,Gubin,XPGU,6
8600809,Guldager st,Guldager st,XDGA,6
8070599,Gumpenried-Asbach,Gumpenried-Asbach,NGPA,6
8100845,Gunskirchen,Gunskirchen,OAGKN,6
8100894,Guntersdorf,Guntersdorf,OAGTD,6
8100372,Guntramsdorf Kaiserau,Guntramsdorf Kaiserau,XAGK,6
8100263,Gurten OÖ,Gurten OÖ,XAGUR,6
8007074,Gussenstadt,Gussenstadt,TGSS,6
5500080,Györ,Györ,XMG,6
8100245,Gänserndorf,Gänserndorf,XAGD,6
8011651,Göhren(Rügen),Göhren(Rügen),WGO,6
8070257,Göllheim-Dreisen,Göllheim-Dreisen,FGLD,6
8002307,Gölshausen,Gölshausen,RGOE,6
8002306,Gölshausen Industriegebiet,Gölshausen Industriegebiet,RGOI,6
8100200,Göpfritz an der Wild,Göpfritz an der Wild,XAGPF,6
102161,Görries Brücke - Schwerin (Meckl),Görries Brücke - Schwerin (Meckl),D102161,6
8002312,Görschnitz,Görschnitz,NGOE,6
8505119,Göschenen,Göschenen,XSGS,6
8011659,Götschendorf,Götschendorf,WGOE,6
8100254,Götzendorf/Leitha,Götzendorf/Leitha,XAGT,6
8100120,Götzis,Götzis,XAGZ,6
836533,Güchenbach - Riegelsberg,Güchenbach - Riegelsberg,PQRGC,6
8070604,Gültstein,Gültstein,TGU,6
8017011,Güntersberge,Güntersberge,LGBG,6
8506124,Güttingen,Güttingen,XSGU,6
8800366,Haaltert,Haaltert,XBHA,6
8400285,Haarlem,Haarlem,XNHE,6
8402735,Haarlem Spaarnwoude,Haarlem Spaarnwoude,XNHLS,6
8701261,Habsheim(Mulh),Habsheim(Mulh),OFHHM,6
8600842,Hadsten st,Hadsten st,XDHA,6
8071337,Hagen(Kr. Stade),Hagen(Kr. Stade),AHGN,6
8100914,Hagenau im Innkreis,Hagenau im Innkreis,XAHU,6
8011798,Hagenow Stadt,Hagenow Stadt,WH,6
8700283,Hagondange,Hagondange,XFHD,6
378402,Hagsfeld Bahnhof - Karlsruhe,Hagsfeld Bahnhof - Karlsruhe,PQKHA,6
720672,Hagsfeld Geroldsäcker - Karlsruhe,Hagsfeld Geroldsäcker - Karlsruhe,RKGER,6
720555,Hagsfeld Jenaer Straße - Karlsruhe,Hagsfeld Jenaer Straße - Karlsruhe,PQKHJ,6
721084,Hagsfeld Reitschulschlag (Schleife) - Karlsruhe,Hagsfeld Reitschulschlag (Schleife) - Karlsruhe,PQKHU,6
373013,Hagsfeld Reitschulschlag - Karlsruhe,Hagsfeld Reitschulschlag - Karlsruhe,PQKHR,6
723859,Hagsfeld Süd - Karlsruhe,Hagsfeld Süd - Karlsruhe,RKHFS,6
8700347,Haguenau,Haguenau,XFHG,6
110441,Hahnenfurth/Düssel Bahnhof - Wuppertal,Hahnenfurth/Düssel Bahnhof - Wuppertal,D110441,6
8100265,Haiding,Haiding,OAHA,6
8070414,Haidkapelle,Haidkapelle,THKP,6
8070415,Haigerloch,Haigerloch,THGL,6
8100956,Haiming,Haiming,XAHM,6
8002529,Hainstadt(Baden),Hainstadt(Baden),RHAI,6
5400997,Haj u Duchcova,Haj u Duchcova,OTHUD,6
5500057,Hajduszoboszlo,Hajduszoboszlo,OMHJO,6
8070801,Halfing,Halfing,MHLF,6
8400400,Halfweg-Zwanenburg,Halfweg-Zwanenburg,PNHWZ,6
710636,Halitplatz - Kassel,Halitplatz - Kassel,FKMBS,6
8100105,Hall in Tirol,Hall in Tirol,XAHT,6
8011811,Halle(S) Heidebf,Halle(S) Heidebf,LHHB,6
8098159,Halle(Saale)Hbf Gl. 13a,Halle(Saale)Hbf Gl. 13a,LHG,6
8100040,Hallein,Hallein,XAHL,6
8102049,Hallein Burgfried,Hallein Burgfried,PANEU,6
8100929,Hallwang-Elixhausen,Hallwang-Elixhausen,XAHE,6
8007046,Hamburg Burgwedel,Hamburg Burgwedel,ABWD,6
8098549,Hamburg Hbf (S-Bahn),Hamburg Hbf (S-Bahn),AHS,2
8098553,Hamburg-Altona(S),Hamburg-Altona(S),AAS,6
8007044,Hamburg-Eidelstedt Zentrum,Hamburg-Eidelstedt Zentrum,AENZ,6
8098147,Hamburg-Harburg(S),Hamburg-Harburg(S),AHRS,6
8002909,Hamburg-Hörgensweg,Hamburg-Hörgensweg,AHOW,6
8007045,Hamburg-Schnelsen,Hamburg-Schnelsen,ASLS,6
131989,Hamm - Düsseldorf,Hamm - Düsseldorf,D131989,6
966904,Hammersbach Zugspitzbahn - Grainau,Hammersbach Zugspitzbahn - Grainau,MHMB,6
8070419,Hammerstein,Hammerstein,RHST,6
8600876,Hammerum st,Hammerum st,XDHU,6
8011817,Hammerunterwiesenthal,Hammerunterwiesenthal,DHUW,6
8007235,Hanfertal,Hanfertal,THFT,6
8070076,Hangelar Mitte,Hangelar Mitte,KHIBM,6
8100267,Hard-Fussach,Hard-Fussach,XAHA,6
8400293,Hardenberg,Hardenberg,ONH,6
8400294,Harderwijk,Harderwijk,ONHAW,6
8400104,Hardinxveld Blauwe Zoom,Hardinxveld Blauwe Zoom,PNABU,6
8400295,Hardinxveld-Giessendam,Hardinxveld-Giessendam,ONHAG,6
8400297,Haren(NL),Haren(NL),ONHAR,6
5500613,Haris,Haris,OMHR,6
8002600,Harlesiel,Harlesiel,HHLE,6
8400296,Harlingen(NL),Harlingen(NL),ONHA,6
8007843,Harsefeld,Harsefeld,AHFD,6
8102050,Hart b. Graz,Hart b. Graz,PAHA,6
8100180,Hartberg,Hartberg,OAHB,6
8011823,Hartenstein,Hartenstein,DHST,6
8070253,Harxheim-Zell,Harxheim-Zell,FHAX,6
8017012,Harzgerode,Harzgerode,LHZG,6
8100981,Haselstauden (Dornbirn),Haselstauden (Dornbirn),OAHSS,6
8002622,Hasloch(Main),Hasloch(Main),NHCH,6
8007048,Hasloh,Hasloh,AHLH,6
8079025,Haslohfurth,Haslohfurth,AHLF,6
8002627,Hasselborn,Hasselborn,FHL,6
8017013,Hasselfelde,Hasselfelde,LHAF,6
8800114,Hasselt,Hasselt,XBHT,6
8100921,Hatlerdorf(Dornbirn),Hatlerdorf(Dornbirn),OAHAT,6
8100986,Hatting in Tirol,Hatting in Tirol,XAHI,6
8100268,Hatzendorf,Hatzendorf,OAHZ,6
8007192,Haubersbronn,Haubersbronn,THAU,6
8070078,Haubersbronn Mitte,Haubersbronn Mitte,THAM,6
150227,Hauptbahnhof Historische Stadthalle - Wuppertal,Hauptbahnhof Historische Stadthalle - Wuppertal,D150227,6
305023,Hauptbahnhof - Düsseldorf,Hauptbahnhof - Düsseldorf,D305023,6
170012,Hauptbahnhof - Hagen (Westf),Hauptbahnhof - Hagen (Westf),D170012,6
304070,Hauptbahnhof - Neuss,Hauptbahnhof - Neuss,D304070,6
141090,Hauptbahnhof - Regensburg,Hauptbahnhof - Regensburg,D141090,6
836075,Hauptbahnhof - Saarbrücken,Hauptbahnhof - Saarbrücken,PQSH,6
705240,Hauptbahnhof - Schwerin (Meckl),Hauptbahnhof - Schwerin (Meckl),PQS H,6
130218,Hauptbahnhof - Solingen,Hauptbahnhof - Solingen,D130218,6
363402,Hauptfriedhof - Karlsruhe,Hauptfriedhof - Karlsruhe,PQKHP,6
710635,Hauptfriedhof - Kassel,Hauptfriedhof - Kassel,FKHFH,6
8506212,Hauptwil,Hauptwil,XSHL,6
721372,Haus Bethlehem - Karlsruhe,Haus Bethlehem - Karlsruhe,RKHB,6
8100136,Haus im Ennstal,Haus im Ennstal,XAHAS,6
966902,Hausberg - Garmisch-Partenkirchen,Hausberg - Garmisch-Partenkirchen,MGHB,6
8007828,Hausen (b Düren),Hausen (b Düren),KHAD,6
8007847,Hausen(Taunus),Hausen(Taunus),FHS,6
8007225,Hausen-Starzeln,Hausen-Starzeln,THSS,6
5401020,Havrice,Havrice,OTHVR,6
8700350,Hayange,Hayange,XFHA,6
8011836,Haynsburg,Haynsburg,LHY,6
8700076,Hazebrouck,Hazebrouck,XFHZ,6
5401021,Hazlov,Hazlov,XTHZ,6
8002671,Hebertsfelden,Hebertsfelden,MHEF,6
8082673,Hechingen Landesbahn,Hechingen Landesbahn,THIL,6
8400317,Heemskerk,Heemskerk,ONHK,6
8400302,Heemstede-Aerdenhout,Heemstede-Aerdenhout,ONHSA,6
8506317,Heerbrugg,Heerbrugg,XSHR,6
8400305,Heerenveen,Heerenveen,XNHR,6
8400306,Heerhugowaard,Heerhugowaard,ONHGV,6
8400307,Heerlen,Heerlen,XNH,6
8400087,Heerlen Woonboulevard,Heerlen Woonboulevard,PNABM,6
8400308,Heeze,Heeze,ONHEZ,6
710634,Hegelsbergstraße - Kassel,Hegelsbergstraße - Kassel,FKHBS,6
5500017,Hegyeshalom,Hegyeshalom,XMHY,6
8800062,Heide (B),Heide (B),XBHD,6
8002688,Heidelsheim,Heidelsheim,RHI,6
8070010,Heidelsheim Nord,Heidelsheim Nord,RHIO,6
8079631,Heilbr.-Böckingen Berufsschulzentrum,Heilbr.-Böckingen Berufsschulzentrum,TBCB,6
8070791,Heilbronn Finanzamt,Heilbronn Finanzamt,TH  A,6
8070792,Heilbronn Friedensplatz,Heilbronn Friedensplatz,TH  F,6
8072723,Heilbronn Hans-Rießer-Straße,Heilbronn Hans-Rießer-Straße,THSTR,6
8070172,Heilbronn Harmonie,Heilbronn Harmonie,TH  H,6
8071172,Heilbronn Harmonie/Hafenmarktpassage,Heilbronn Harmonie/Hafenmarktpassage,TH  W,6
8072172,Heilbronn Harmonie/Kunsthalle,Heilbronn Harmonie/Kunsthalle,TH  O,6
8070171,Heilbronn Hauptbahnhof/Willy-Brandt-Pl.,Heilbronn Hauptbahnhof/Willy-Brandt-Pl.,TH  B,6
8002723,Heilbronn Industrieplatz,Heilbronn Industrieplatz,THSTI,6
8002697,Heilbronn Karlstor,Heilbronn Karlstor,THKT,6
8002726,Heilbronn Kaufland,Heilbronn Kaufland,TNSK,6
8070174,Heilbronn Neckarturm,Heilbronn Neckarturm,TH  P,6
8070793,Heilbronn Pfühlpark,Heilbronn Pfühlpark,TH  U,6
8070173,Heilbronn Rathaus,Heilbronn Rathaus,TH  R,6
8072722,Heilbronn Technisches Schulzentrum,Heilbronn Technisches Schulzentrum,THSTS,6
8002722,Heilbronn Theater,Heilbronn Theater,TH  T,6
8011846,Heiligendamm,Heiligendamm,WHDM,6
8002703,Heiligenstatt(Obb),Heiligenstatt(Obb),MHEI,6
8400309,Heiloo,Heiloo,ONHEL,6
8007829,Heimbach (Eifel),Heimbach (Eifel),KHE,6
8007887,Heimbach(Nahe)Ort,Heimbach(Nahe)Ort,SHBO,6
8007328,Heimerdingen,Heimerdingen,THMD,6
8105982,Heinfels,Heinfels,PAARF,6
8400310,Heino,Heino,ONHEN,6
714882,Heinrich-Heine-Straße - Kassel,Heinrich-Heine-Straße - Kassel,FKNZH,6
838333,Heinrichshaus Malstatt - Saarbrücken,Heinrichshaus Malstatt - Saarbrücken,PQSMH,6
8002725,Heinsberg Kreishaus,Heinsberg Kreishaus,KHEBK,6
8002721,Heinsberg(Rheinl),Heinsberg(Rheinl),KHEB,6
8001557,Heinsberg-Dremmen,Heinsberg-Dremmen,KDRN,6
8002719,Heinsberg-Horst,Heinsberg-Horst,KHEBH,6
8004519,Heinsberg-Oberbruch,Heinsberg-Oberbruch,KOB,6
8002720,Heinsberg-Porselen,Heinsberg-Porselen,KHEBP,6
8002718,Heinsberg-Randerath,Heinsberg-Randerath,KHEBR,6
8007807,Heinschenwalde,Heinschenwalde,AHWA,6
8100550,Heiterwang-Plansee,Heiterwang-Plansee,XAHP,6
837196,Hellwigstr. - Saarbrücken,Hellwigstr. - Saarbrücken,PQSHW,6
8400313,Helmond,Helmond,XNHM,6
8400035,Helmond Brandevoort,Helmond Brandevoort,PNAAT,6
8400299,Helmond Brouwhuis,Helmond Brouwhuis,ONHMB,6
8400300,Helmond t Hout,Helmond t Hout,ONHMH,6
8002734,Helmsheim,Helmsheim,RHSM,6
8800313,Hemiksem,Hemiksem,OBHKM,6
8400315,Hemmen-Dodewaard,Hemmen-Dodewaard,ONHDW,6
8007327,Hemmingen,Hemmingen,THMG,6
8700149,Hendaye,Hendaye,XFHE,6
8502211,Hendschiken,Hendschiken,XSHE,6
8400316,Hengelo,Hengelo,XNHL,6
8400433,Hengelo Gezondheidspark,Hengelo Gezondheidspark,PNHGP,6
8400312,Hengelo Oost,Hengelo Oost,ONHLO,6
8700351,Henin-Beaumont,Henin-Beaumont,XFHB,6
8600960,Henne st,Henne st,XDHEN,6
8011856,Hennersdorf(Sachs),Hennersdorf(Sachs),DHRF,6
8007053,Henstedt-Ulzburg,Henstedt-Ulzburg,AUB,6
8002762,Herblingen,Herblingen,RHRB,6
8800063,Herentals,Herentals,XBHR,6
8800116,Hergenrath,Hergenrath,XBHE,6
8087026,Heringsdorf Neuhof,Heringsdorf Neuhof,WHFN,6
8506290,Herisau,Herisau,XSHI,6
8007231,Hermentingen,Hermentingen,THMT,6
8613695,Herning Messecenter st,Herning Messecenter st,XDHEM,6
8600966,Herning st,Herning st,XDHE,6
8701294,Herny,Herny,XFHN,6
8002786,Herrenberg Zwerchweg,Herrenberg Zwerchweg,TZWE,6
361599,Herrenstraße - Karlsruhe,Herrenstraße - Karlsruhe,PQKHZ,6
8701281,Herrlisheim près Colmar,Herrlisheim près Colmar,XFHH,6
8700308,Herrlisheim(Bas-Rhin),Herrlisheim(Bas-Rhin),OFHR,6
8079099,Herrlishöfen,Herrlishöfen,THH,6
8800236,Herstal,Herstal,XBHL,6
8010167,Herzberg(Mark),Herzberg(Mark),WHE,6
8800369,Herzele,Herzele,XBHZ,6
8508008,Herzogenbuchsee,Herzogenbuchsee,XSHZ,6
8100272,Herzogenburg,Herzogenburg,XAHB,6
8002804,Herzogenrath-Alt-Merkstein,Herzogenrath-Alt-Merkstein,KMKW,6
8002816,Herzogenrath-August-Schmidt-Platz,Herzogenrath-August-Schmidt-Platz,KMK,6
8007808,Hesedorf,Hesedorf,AHOF,6
8002808,Heselbach,Heselbach,RHBA,6
8701141,Hettange Grande,Hettange Grande,OFHET,6
8007230,Hettingen(Hohenz),Hettingen(Hohenz),THTN,6
8011870,Hetzdorf(Flöhatal),Hetzdorf(Flöhatal),DHZF,6
8100936,Hetzmannsdorf-Wullersdorf,Hetzmannsdorf-Wullersdorf,OAHEW,6
8400005,Hillegom,Hillegom,XNHO,6
8002837,Hilpertsau,Hilpertsau,RHLT,6
8002839,Hilter,Hilter,HHIL,6
8400322,Hilversum,Hilversum,XNHI,6
8400324,Hilversum Media Park,Hilversum Media Park,ONHSN,6
8400570,Hilversum Sportpark,Hilversum Sportpark,XNHIS,6
8400323,Hindeloopen,Hindeloopen,ONHI,6
8600992,Hinnerup st,Hinnerup st,XDHP,6
8079088,Hinterweidenthal Ort,Hinterweidenthal Ort,SHWO,6
8100953,Hirschbach b.Gmünd,Hirschbach b.Gmünd,OAHIR,6
363403,Hirtenweg/Technologiepark - Karlsruhe,Hirtenweg/Technologiepark - Karlsruhe,PQKHW,6
183091,Historische Stadthalle - Wuppertal,Historische Stadthalle - Wuppertal,D183091,6
5401059,Hnevice,Hnevice,XTHN,6
8800311,Hoboken-Polder,Hoboken-Polder,OBHBP,6
630085,Hochdahl S - Erkrath,Hochdahl S - Erkrath,D630085,6
230084,Hochdahl S-Bahnhof - Erkrath,Hochdahl S-Bahnhof - Erkrath,D230084,6
8701260,Hochfelden,Hochfelden,XFHC,6
8100052,Hochfilzen,Hochfilzen,XAHF,6
8002871,Hochhausen(Tauber),Hochhausen(Tauber),THO,6
8007201,Hochstetten,Hochstetten,RHOS,6
721187,Hochstetten Altenheim - Linkenheim-Hochstetten,Hochstetten Altenheim - Linkenheim-Hochstetten,RHOSA,6
8079042,Hochstetten Grenzstraße,Hochstetten Grenzstraße,RHOSG,6
8100111,Hochzirl,Hochzirl,XAHO,6
5401068,Hodkovice nad Mohel.,Hodkovice nad Mohel.,OTHNM,6
5400056,Hodonin,Hodonin,OTHO,6
8800528,Hoeilaart,Hoeilaart,XBHO,6
8601031,Hoeje Taastrup st,Hoeje Taastrup st,XDHT,6
8601040,Hoejslev st,Hoejslev st,XDHS,6
8705312,Hoenheim-Tram,Hoenheim-Tram,PFHO,6
8400326,Hoensbroek,Hoensbroek,ONHBK,6
8613636,Hoerning st,Hoerning st,XDHG,6
8400490,Hoevelaken,Hoevelaken,PNHLK,6
8007336,Hof(Münstertal),Hof(Münstertal),RHOF,6
8100130,Hohenau,Hohenau,XAHH,6
8100945,Hohenbrugg an der Raab,Hohenbrugg an der Raab,OAHHR,6
8011889,Hohendorf,Hohendorf,WHOD,6
8100121,Hohenems,Hohenems,XAHS,6
8011892,Hohenfichte,Hohenfichte,DHOF,6
8007342,Hohenwarth,Hohenwarth,NHWN,6
8070160,Hohenwarth Campingplatz,Hohenwarth Campingplatz,NHWNC,6
8017422,Hohndorf Mitte,Hohndorf Mitte,DRDFH,6
5401075,Hojsova Straz,Hojsova Straz,OTHJS,6
5400264,Hojsova Straz-Brcalnik,Hojsova Straz-Brcalnik,OTHSB,6
5401086,Holkov,Holkov,OTHKO,6
8100274,Hollabrunn,Hollabrunn,OAHL,6
8400327,Hollandsche Rading,Hollandsche Rading,ONHLR,6
8270580,Hollerich,Hollerich,XLLH,6
711180,Holländische Straße - Kassel,Holländische Straße - Kassel,FKHST,6
711363,Holländischer Platz/Universität - Kassel,Holländischer Platz/Universität - Kassel,FKHPL,6
8007203,Holstentherme,Holstentherme,AKTKH,6
8400328,Holten,Holten,ONHO,6
209686,Holthausen Bahnhof - Essen (Ruhr),Holthausen Bahnhof - Essen (Ruhr),D209686,6
5400057,Holysov,Holysov,XTHS,6
8085010,Holzgerlingen Bf,Holzgerlingen Bf,THZG,6
8085011,Holzgerlingen Buch,Holzgerlingen Buch,THZGB,6
8085009,Holzgerlingen Hülben,Holzgerlingen Hülben,THZGN,6
8017218,Holzhau Blockline,Holzhau Blockline,DHUS,6
8700525,Hombourg-Haut,Hombourg-Haut,XFHM,6
8400332,Hoofddorp,Hoofddorp,XNHD,6
8400330,Hoogeveen,Hoogeveen,XNHG,6
8400331,Hoogezand-Sappemeer,Hoogezand-Sappemeer,XNHS,6
8400334,Hoogkarspel,Hoogkarspel,XNHGK,6
8400337,Hoorn,Hoorn,XNHOR,6
8400336,Hoorn Kersenboogerd,Hoorn Kersenboogerd,XNHOK,6
8100059,Hopfgarten im Brixental,Hopfgarten im Brixental,XAHG,6
8100939,Hopfgarten im Brixental Berglift,Hopfgarten im Brixental Berglift,XAHGB,6
5401144,Horesedly,Horesedly,XTHOR,6
8503204,Horgen,Horgen,XSHG,6
5401096,Horka u Stare Paky,Horka u Stare Paky,OTHSP,6
8506307,Horn(Bodensee),Horn(Bodensee),XSHB,6
8506111,Horn(Bodensee) (Schiff),Horn(Bodensee) (Schiff),XSHBS,6
5400231,Horni Blatna,Horni Blatna,XTHB,6
5400060,Horni Dvoriste,Horni Dvoriste,XTHD,6
5401113,Horni Kamenice,Horni Kamenice,XTHK,6
5401121,Horni Pocaply,Horni Pocaply,OTHPO,6
5401122,Horni Podluzi,Horni Podluzi,XTHP,6
5402438,Horni Police,Horni Police,XTHOP,6
5401124,Horni Poustevna,Horni Poustevna,XTHPT,6
5400061,Horovice,Horovice,XTHV,6
8601089,Horsens st,Horsens st,XDHR,6
8400339,Horst-Sevenum,Horst-Sevenum,ONHSM,6
5501621,Horvatnadalja,Horvatnadalja,OMHOR,6
7179107,Hostalrich,Hostalrich,PETHX,6
5401151,Hostetin,Hostetin,OTHTT,6
8800487,Hourpes,Hourpes,XBHP,6
8400340,Houten,Houten,ONHT,6
8400010,Houten Castellum,Houten Castellum,PNSHC,6
8400341,Houthem-St. Gerlach,Houthem-St. Gerlach,ONHSG,6
8200250,Howald,Howald,XLHW,6
8003004,Hoßkirch Königseggsee,Hoßkirch Königseggsee,THKS,6
5401169,Hradcovice,Hradcovice,OTHDI,6
5400021,Hradec Kralove hl.n.,Hradec Kralove hl.n.,XTHRK,2
5400205,Hradek nad Nisou,Hradek nad Nisou,XTHR,6
5400063,Hranice na Morave,Hranice na Morave,XTHM,6
5401192,Hrdly,Hrdly,OTHDL,6
5401220,Hrebeny,Hrebeny,XTHY,6
5401222,Hrivice,Hrivice,XTHVR,6
5401200,Hrobce,Hrobce,OTHCB,6
8007817,Huchem-Stammeln,Huchem-Stammeln,KHUS,6
8003023,Hufschlag,Hufschlag,MHUF,6
8007848,Hundstadt,Hundstadt,FHUN,6
8400292,Hurdegaryp,Hurdegaryp,ONHG,6
8800185,Huy(B),Huy(B),XBHU,6
8003034,Huzenbach,Huzenbach,RHUB,6
8601144,Hviding st,Hviding st,XDHVD,6
8601157,Hyllerslev st,Hyllerslev st,XDHYL,6
8506395,Häggenschwil-Winden,Häggenschwil-Winden,XSHW,6
958364,Hämerten Abzweig - Tangermünde,Hämerten Abzweig - Tangermünde,D958364,6
361944,Händelstraße - Karlsruhe,Händelstraße - Karlsruhe,PQKHL,6
7400006,Hässleholm Central,Hässleholm Central,XVHH,2
8002891,Höfen(Enz) Bf,Höfen(Enz) Bf,THOE,6
8070279,Höfen(Enz) Nord,Höfen(Enz) Nord,THON,6
8002908,Höpfling,Höpfling,MHPF,6
8002910,Hörden,Hörden,RHOR,6
8002914,Hörpolding,Hörpolding,MHPD,6
8100974,Hörsching,Hörsching,XAHOG,6
304573,Hösel S-Bahn - Ratingen,Hösel S-Bahn - Ratingen,D304573,6
8070884,Höste,Höste,EHST,6
8100273,Hötzelsdorf-Geras,Hötzelsdorf-Geras,OAHZD,6
377505,Hübschstraße - Karlsruhe,Hübschstraße - Karlsruhe,PQKHB,6
8007439,Hüffenhardt,Hüffenhardt,RHFH,6
308085,Hügel - Essen (Ruhr),Hügel - Essen (Ruhr),D308085,6
8503403,Hüntwangen-Wil,Hüntwangen-Wil,XSHU,6
8100993,Hüttau,Hüttau,XAHUT,6
8070219,Hütten,Hütten,THTT,6
8007119,Hüttenbusch,Hüttenbusch,AHTB,6
8400722,IJlst,IJlst,ONLJ,6
8003045,Igersheim,Igersheim,TIH,6
8601166,Ikast st,Ikast st,XDIK,6
5100075,Ilawa Glowna,Ilawa Glowna,XPIL,6
8017014,Ilfeld,Ilfeld,LIF,6
8080998,Ilfeld Bad,Ilfeld Bad,LIFB,6
8070776,Ilfeld Neanderklinik,Ilfeld Neanderklinik,LIFN,6
8080990,Ilfeld Schreiberwiese,Ilfeld Schreiberwiese,LIFS,6
7900029,Ilirska Bistrica,Ilirska Bistrica,XZIB,6
8011931,Ilmenau Bad,Ilmenau Bad,UIB,6
5101356,Ilowa Zaganska,Ilowa Zaganska,OPIL,6
8505003,Immensee,Immensee,XSIM,6
8100062,Imst-Pitztal,Imst-Pitztal,XAIP,6
8101000,Imsterberg,Imsterberg,XAIB,6
837275,In der Hommersbach - Heusweiler,In der Hommersbach - Heusweiler,PQHIH,6
8301609,Induno-Olona,Induno-Olona,OIIO,6
8800346,Ingelmunster,Ingelmunster,XBIM,6
8700309,Ingwiller,Ingwiller,XFIW,6
8100108,Innsbruck Hbf,Innsbruck Hbf,XAI,1
8100110,Innsbruck Hötting,Innsbruck Hötting,XAIH,6
8105987,Innsbruck Messe,Innsbruck Messe,PAIM,6
8100109,Innsbruck Westbahnhof,Innsbruck Westbahnhof,XAIW,2
5100015,Inowroclaw,Inowroclaw,XPIW,6
8012296,Inselstadt Malchow,Inselstadt Malchow,WIM,6
8507492,Interlaken Ost,Interlaken Ost,XSIO,6
8507493,Interlaken West,Interlaken West,XSI,6
8101007,Inzing/Inn,Inzing/Inn,XAIZ,6
8100399,Irnfritz,Irnfritz,OAIF,6
8700469,Is-sur-Tille,Is-sur-Tille,XFIS,6
8302814,Iselle di Trasquera,Iselle di Trasquera,XIIT,6
8003094,Ispringen,Ispringen,TIP,6
8007014,Ittersbach Bahnhof,Ittersbach Bahnhof,RITB,6
723599,Ittersbach Industrie - Karlsbad,Ittersbach Industrie - Karlsbad,RITI,6
8090001,Ittersbach Rathaus,Ittersbach Rathaus,RITBR,6
7800032,Ivanic Grad,Ivanic Grad,XRIG,6
8011939,Jabel(Meckl),Jabel(Meckl),WJAB,6
5400066,Jablonne v Podjestedi,Jablonne v Podjestedi,XTJP,6
5100113,Jablonowo Pomorskie,Jablonowo Pomorskie,OPJ,6
8011947,Jagdschloß,Jagdschloß,WJS,6
5101421,Jagodzin,Jagodzin,OPJGD,6
8011948,Jahnsdorf(Erzgeb),Jahnsdorf(Erzgeb),DJD,6
5501609,Jak-Balogunyom,Jak-Balogunyom,OMJB,6
8601177,Janderup st,Janderup st,XDJP,6
5101447,Jankowa Zaganska,Jankowa Zaganska,XPJZ,6
5400212,Janovice nad Uhlavou,Janovice nad Uhlavou,XTJU,6
5101483,Janowice Wielkie,Janowice Wielkie,OPJWE,6
5400068,Jaromer,Jaromer,XTJRM,6
5401341,Jaromer zast.,Jaromer zast.,XTJZ,6
5100233,Jaroslaw,Jaroslaw,XPJR,6
5101432,Jaskowice Legnickie,Jaskowice Legnickie,XPJKL,6
5100213,Jaworzno Szczakowa,Jaworzno Szczakowa,XPJS,6
5100077,Jaworzyna Sl.,Jaworzyna Sl.,OPJW,6
8007288,Jechtingen,Jechtingen,RJ,6
8101012,Jedenspeigen,Jedenspeigen,OAJE,6
5400282,Jedlova,Jedlova,XTJL,6
5101408,Jedrzychowice,Jedrzychowice,XPJDZ,6
8601182,Jegum st,Jegum st,XDJE,6
5100259,Jelenia Gora,Jelenia Gora,XPJG,6
5100374,Jelenia Gora Zabobrze,Jelenia Gora Zabobrze,OPJGA,6
8100102,Jenbach,Jenbach,XAJB,6
8100545,Jenbach Zillertalbahn,Jenbach Zillertalbahn,XAJBZ,6
5454318,Jenikov-Oldrichov,Jenikov-Oldrichov,PTJOV,6
8101010,Jennersdorf,Jennersdorf,OAJD,6
8010181,Jerichow,Jerichow,LJW,6
5401362,Jermanice,Jermanice,OTJRM,6
8600217,Jerne St.,Jerne St.,D8600217,6
8003118,Jerxheim,Jerxheim,HJRX,6
5101436,Jerzmanice Lubuskie,Jerzmanice Lubuskie,OPJLU,6
5101455,Jerzmanki,Jerzmanki,OPJRM,6
7900043,Jesenice(Gr),Jesenice(Gr),XAXRB,6
7900001,Jesenice(SLO),Jesenice(SLO),XZJ,6
5401366,Jesenny,Jesenny,XTJNY,6
8503421,Jestetten,Jestetten,XSJE,6
5401370,Jestrebi,Jestrebi,XTJSR,6
8003122,Jettenbach,Jettenbach,MJEB,6
8700118,Jeumont,Jeumont,XFJM,6
5401388,Jimlin,Jimlin,XTJIM,6
5400244,Jince,Jince,OTJC,6
5401397,Jiretin pod Jedlovou,Jiretin pod Jedlovou,XTJD,6
5401395,Jirkov zast.,Jirkov zast.,XTJI,6
8701317,Joeuf,Joeuf,XFJF,6
838107,Johanneskirche - Saarbrücken,Johanneskirche - Saarbrücken,PQSJ,6
8011967,Johanngeorgenstadt,Johanngeorgenstadt,DJ,6
8700561,Joigny(Lar.Migennes),Joigny(Lar.Migennes),XFJY,6
8700313,Juan-Les-Pins,Juan-Les-Pins,OFJP,6
8100073,Judenburg,Judenburg,XAJ,6
8003136,Julbach,Julbach,MJUL,6
8007223,Jungingen(Hohenz),Jungingen(Hohenz),TJUH,6
8007234,Jungnau,Jungnau,TJNU,6
8800589,Juslenville,Juslenville,XBJV,6
8700352,Juvisy,Juvisy,XFJU,6
8003106,Jägerhaus,Jägerhaus,MJGS,6
8003127,Jöhlingen,Jöhlingen,RJL,6
8079058,Jöhlingen West,Jöhlingen West,RJLW,6
8000188,Jülich,Jülich,KJ,6
8003114,Jülich An den Aspen,Jülich An den Aspen,KJAA,6
8007815,Jülich Forschungszentrum,Jülich Forschungszentrum,KJSU,6
8007801,Jülich-Broich,Jülich-Broich,KJB,6
8007802,Jülich-Nord,Jülich-Nord,KJND,6
8007814,Jülich-Selgersdorf,Jülich-Selgersdorf,KJSE,6
8011969,Jütrichau,Jütrichau,LJR,6
720846,KIT-Campus Nord Bahnhof - Eggenstein-Leopoldshafen,KIT-Campus Nord Bahnhof - Eggenstein-Leopoldshafen,RKIT,6
710446,KVG-Betriebshof - Kassel,KVG-Betriebshof - Kassel,FKBH1,6
8000438,Kaarst IKEA,Kaarst IKEA,KKAI,6
8000432,Kaarst Mitte/Holzbüttgen,Kaarst Mitte/Holzbüttgen,KKMI,6
8003141,Kaarster Bahnhof,Kaarster Bahnhof,KKAA,6
8000430,Kaarster See,Kaarster See,KKSE,6
5501547,Kaba,Kaba,OMKAB,6
5401408,Kadan,Kadan,OTKM,6
5401409,Kadan predmesti,Kadan predmesti,OTKAP,6
5454561,Kadan-Bystrice,Kadan-Bystrice,PTKBE,6
5400071,Kadan-Prunerov,Kadan-Prunerov,XTKA,6
8070164,Kahl Kopp/Heide,Kahl Kopp/Heide,FKLPK,6
8500300,Kaiseraugst,Kaiseraugst,XSKI,6
835228,Kaiserstr. - Saarbrücken,Kaiserstr. - Saarbrücken,PQSK,6
8503413,Kaiserstuhl AG,Kaiserstuhl AG,OSKAI,6
8070018,Kalenborn(Westerw),Kalenborn(Westerw),KKAB,6
8700314,Kalhausen,Kalhausen,XFKH,6
8800183,Kalmthout,Kalmthout,XBKH,6
8101019,Kalsdorf b.Graz,Kalsdorf b.Graz,XAKAL,6
8070973,Kaltenberg,Kaltenberg,MKBG,6
8100282,Kaltenbrunnen im Montafon,Kaltenbrunnen im Montafon,OAKAL,6
8070807,Kalteneck,Kalteneck,NKCK,6
8007204,Kaltenkirchen Süd,Kaltenkirchen Süd,AKTKS,6
8007054,Kaltenkirchen(Holst),Kaltenkirchen(Holst),AKTK,6
8100126,Kalwang,Kalwang,XAK,6
5401433,Kamenny Ujezd u C.B.,Kamenny Ujezd u C.B.,OTKUB,6
8101061,Kammern im Liesingtal,Kammern im Liesingtal,OAKMN,6
8400360,Kampen Zuid,Kampen Zuid,XNKM,6
8400353,Kampen(NL),Kampen(NL),ONK,6
8070450,Kandern,Kandern,RKA,6
8507475,Kandersteg,Kandersteg,XSKA,6
8400354,Kapelle-Biezelinge,Kapelle-Biezelinge,ONKA,6
8800072,Kapellen(B),Kapellen(B),XBKP,6
8070260,Kapen Biosphärenreservat,Kapen Biosphärenreservat,LKPB,6
8100031,Kapfenberg,Kapfenberg,XAKP,6
5400299,Kaplice,Kaplice,OTKP,6
8007004,Kappelrodeck,Kappelrodeck,RKPP,6
8077004,Kappelrodeck Ost,Kappelrodeck Ost,RKPO,6
5500054,Karcag,Karcag,OMKA,6
5473160,Karez,Karez,PTANE,6
8011989,Kargow,Kargow,WKGW,6
5401443,Karlov pod Jestedem,Karlov pod Jestedem,XTKAJ,6
5400006,Karlovy Vary,Karlovy Vary,XTKV,6
5400242,Karlovy Vary dolni n.,Karlovy Vary dolni n.,XTKVD,6
8011991,Karlsburg,Karlsburg,WKAB,6
8011992,Karlshagen,Karlshagen,WKH,6
8079045,Karlsruhe Albtalbahnhof,Karlsruhe Albtalbahnhof,RKAB,6
8079041,Karlsruhe Bahnhofsvorplatz,Karlsruhe Bahnhofsvorplatz,RKV,6
8079125,Karlsruhe Durlacher Tor / KIT-Campus Süd,Karlsruhe Durlacher Tor / KIT-Campus Süd,RKDT,6
8079126,Karlsruhe Entenfang,Karlsruhe Entenfang,RKEF,6
8089390,Karlsruhe Hbf Südausgang,Karlsruhe Hbf Südausgang,RK  S,2
301003,Karlsruhe Marktplatz (Kaiserstraße U),Karlsruhe Marktplatz (Kaiserstraße U),RKMAU,6
8079046,Karlsruhe Marktplatz (Pyramide U),Karlsruhe Marktplatz (Pyramide U),RKMAP,6
8079144,Karlsruhe Mühlburger Tor,Karlsruhe Mühlburger Tor,RKMT,6
8079128,Karlsruhe-Kniel. Rheinbergstr.,Karlsruhe-Kniel. Rheinbergstr.,RKSR,6
8079047,Karlsruhe-Neureut Kirchfeld,Karlsruhe-Neureut Kirchfeld,RKNEK,6
180061,Karlstor/Bundesgerichtshof - Karlsruhe,Karlstor/Bundesgerichtshof - Karlsruhe,RKKT,6
8010188,Karow(Meckl),Karow(Meckl),WKA,6
8003191,Karpfham,Karpfham,MKH,6
8070019,Kasbach,Kasbach,KKBA,6
8070021,Kasbach Brauerei Steffens,Kasbach Brauerei Steffens,KKBB,6
8098193,Kassel Hbf (tief),Kassel Hbf (tief),FKKVG,2
8003205,Kastl(Oberbay),Kastl(Oberbay),MKAT,6
5100020,Katowice,Katowice,XPKA,6
8101029,Katsdorf,Katsdorf,OAKAT,6
8011999,Katzhütte,Katzhütte,UKH,6
8270630,Kautenbach,Kautenbach,XLKT,6
5100119,Kedzierzyn Kozle,Kedzierzyn Kozle,XPKE,6
8100536,Kefermarkt,Kefermarkt,OAKFM,6
8506193,Kehlhof,Kehlhof,XSKH,6
8007161,Kelkheim,Kelkheim,FKE,6
8007162,Kelkheim-Hornau,Kelkheim-Hornau,FKHO,6
8007160,Kelkheim-Münster,Kelkheim-Münster,FKEM,6
8101038,Kematen in Tirol,Kematen in Tirol,XAKM,6
8012004,Kemtau,Kemtau,DKAU,6
8012005,Kenz,Kenz,WKEN,6
8400355,Kerkrade Centrum,Kerkrade Centrum,ONKD,6
8506123,Kesswil,Kesswil,XSKW,6
8400359,Kesteren,Kesteren,XNKE,6
398082,Kettwig Stausee - Essen (Ruhr),Kettwig Stausee - Essen (Ruhr),D398082,6
308089,Kettwig - Essen (Ruhr),Kettwig - Essen (Ruhr),D308089,6
8601256,Kibaek st,Kibaek st,XDKI,6
8003251,Kiel Schulen am Langsee,Kiel Schulen am Langsee,AKSL,6
8003259,Kiel-Ellerbek,Kiel-Ellerbek,AKEL,6
8003260,Kiel-Oppendorf,Kiel-Oppendorf,AOPD,6
837234,Kieselhumes - Saarbrücken,Kieselhumes - Saarbrücken,PQSKH,6
8800192,Kijkuit,Kijkuit,XBKU,6
8503200,Kilchberg ZH(CH),Kilchberg ZH(CH),XSKB,6
8007224,Killer,Killer,TKLR,6
8503506,Killwangen-Spreitenbach,Killwangen-Spreitenbach,XSKS,6
5500653,Kimle-Karolyhaza,Kimle-Karolyhaza,OMKIM,6
8101045,Kimpling,Kimpling,OAKIM,6
8100030,Kindberg,Kindberg,XAKB,6
8003263,Kirchanschöring,Kirchanschöring,MKAG,6
8100057,Kirchberg in Tirol,Kirchberg in Tirol,XAKG,6
8100290,Kirchbichl,Kirchbichl,XAKL,6
8100170,Kirchdorf/Krems,Kirchdorf/Krems,XAKK,6
713491,Kirchgasse - Kassel,Kirchgasse - Kassel,FKBHG,6
8000652,Kirchheimbolanden,Kirchheimbolanden,FKIR,6
836341,Kirchstr. - Riegelsberg,Kirchstr. - Riegelsberg,PQRP,6
8084066,Kirchweidach,Kirchweidach,MKW,6
8007104,Kirnbach-Grün,Kirnbach-Grün,RKBG,6
8003289,Kirschbaumwasen,Kirschbaumwasen,RKBV,6
836586,Kirschhof - Heusweiler,Kirschhof - Heusweiler,PQHK,6
5500126,Kisujszallas,Kisujszallas,OMKZ,6
5500063,Kisvarda,Kisvarda,OMKD,6
8100373,Kittsee,Kittsee,XAKIT,6
8100055,Kitzbühel,Kitzbühel,XAKI,6
8101044,Kitzbühel Hahnenkamm,Kitzbühel Hahnenkamm,XAKIH,6
8101593,Kitzbühel Schwarzsee,Kitzbühel Schwarzsee,OASSE,6
8017421,Klaffenbach Hp,Klaffenbach Hp,DNK K,6
8100085,Klagenfurt Hbf,Klagenfurt Hbf,XAKT,2
8012015,Klandorf,Klandorf,BKLD,6
8400361,Klarenbeek,Klarenbeek,ONKL,6
5400213,Klatovy,Klatovy,XTKY,6
8101100,Klaus in Vorarlberg,Klaus in Vorarlberg,OAKV,6
8101051,Kledering b.Wien,Kledering b.Wien,XAKE,6
8012020,Kleeth,Kleeth,WKLE,6
8200520,Kleinbettingen,Kleinbettingen,XLKB,6
8017344,Kleinforst Rosensee,Kleinforst Rosensee,DKFR,6
8003324,Kleinheubach,Kleinheubach,NKLH,6
8003331,Kleinsteinbach,Kleinsteinbach,RKBA,6
8003334,Kleinwallstadt,Kleinwallstadt,NKT,6
8400362,Klimmen-Ransdaal,Klimmen-Ransdaal,ONKLR,6
8003337,Klingenberg(Main),Klingenberg(Main),NKM,6
8516176,Klingnau,Klingnau,PSAXH,6
8007893,Klinikum Bremen-Nord/Beckedorf,Klinikum Bremen-Nord/Beckedorf,HBKM,6
8012049,Klockow(b Waren/Müritz),Klockow(b Waren/Müritz),WKC,6
8001193,Kloster Bronnbach,Kloster Bronnbach,TBR,6
8004627,Kloster Oesede,Kloster Oesede,HKOE,6
8012054,Klosterfelde,Klosterfelde,BKLF,6
8003343,Klosterreichenbach,Klosterreichenbach,RKLB,6
8503308,Kloten,Kloten,XSKT,6
8012059,Knautnaundorf,Knautnaundorf,LKNF,6
370106,Knielingen Eggensteiner Straße - Karlsruhe,Knielingen Eggensteiner Straße - Karlsruhe,PQKEG,6
370105,Knielingen Herweghstraße - Karlsruhe,Knielingen Herweghstraße - Karlsruhe,PQKRW,6
723325,Knielingen Rheinbergstraße (Schleife) - Karlsruhe,Knielingen Rheinbergstraße (Schleife) - Karlsruhe,PQKRC,6
362104,Knielingen Siemens - Karlsruhe,Knielingen Siemens - Karlsruhe,PQKSI,6
364593,Knielinger Allee/Städt. Klinikum - Karlsruhe,Knielinger Allee/Städt. Klinikum - Karlsruhe,PQKKA,6
8100072,Knittelfeld,Knittelfeld,XAKF,6
8503411,Koblenz Dorf,Koblenz Dorf,OSKOD,6
8500329,Koblenz(CH),Koblenz(CH),XSKO,6
8601309,Koebenhavn H,Koebenhavn H,XDKH,6
8613687,Koebenhavn Syd,Koebenhavn Syd,XDNE,6
8601242,Koebenhavns Lufthavn st,Koebenhavns Lufthavn st,XDKHL,6
8601312,Koege st,Koege st,XDKG,6
8701341,Koenigsmacker,Koenigsmacker,OFKOM,6
8701340,Kogenheim,Kogenheim,XFKO,6
8070458,Kohlstetten,Kohlstetten,TKOS,6
8100091,Kolbnitz,Kolbnitz,XAKO,6
8601318,Kolding st,Kolding st,XDKO,6
5400022,Kolin(CZ),Kolin(CZ),XTKI,6
361963,Kolpingplatz - Karlsruhe,Kolpingplatz - Karlsruhe,PQKKO,6
5500012,Komarom,Komarom,XMKO,6
5401523,Konetopy,Konetopy,XTKON,6
121013,Kongresszentrum (U) - Karlsruhe,Kongresszentrum (U) - Karlsruhe,PQKKZ,6
367072,Kongresszentrum - Karlsruhe,Kongresszentrum - Karlsruhe,RKVW,6
5100026,Konin,Konin,XPKN,6
5101894,Konin Zaganski,Konin Zaganski,OPKZG,6
8073400,Konstanz Hafen,Konstanz Hafen,RKOH,6
373510,Konzerthaus - Karlsruhe,Konzerthaus - Karlsruhe,PQKKH,6
8400363,Koog aan de Zaan,Koog aan de Zaan,XNKB,6
8000210,Korbach Hbf,Korbach Hbf,FKOB,2
713366,Korbach Süd,Korbach Süd,FKBSB,6
8100293,Korneuburg,Korneuburg,OAKOB,6
8007855,Korntal Gymnasium,Korntal Gymnasium,TKO G,6
8601343,Korsoer st,Korsoer st,XDKS,6
8800249,Kortenberg,Kortenberg,XBKO,6
8800077,Kortrijk,Kortrijk,XBKK,6
5100124,Koscian,Koscian,XPKCN,6
8012086,Koserow,Koserow,WKO,6
5600007,Kosice,Kosice,XYK,6
5401556,Kostalov,Kostalov,XTKS,6
5100214,Kostrzyn,Kostrzyn,XPKOS,6
8400366,Koudum-Molkwerum,Koudum-Molkwerum,ONKOM,6
5401564,Kounov,Kounov,XTKU,6
5401571,Kovarska,Kovarska,XTKO,6
5401572,Kovarska mestys,Kovarska mestys,XTKOM,6
5100125,Kowalewo Pomorskie,Kowalewo Pomorskie,OPKWP,6
5101559,Kozla Kozuchowska,Kozla Kozuchowska,OPKCW,6
5101607,Kozlice,Kozlice,PPKLE,6
8400367,Krabbendijke,Krabbendijke,ONKR,6
5100028,Krakow Glowny,Krakow Glowny,XPKR,1
5100240,Krakow Plaszow,Krakow Plaszow,XPKP,6
5400126,Kralupy nad Vltavou,Kralupy nad Vltavou,XTKR,6
8100551,Kranebitten,Kranebitten,XAKA,6
7900014,Kranj,Kranj,XZKJ,6
5401594,Kraslice,Kraslice,XTKC,6
5401595,Kraslice predmesti,Kraslice predmesti,XTKCP,6
5403835,Kraslice-Pod vlekem,Kraslice-Pod vlekem,XTKP,6
5401597,Krasna Lipa,Krasna Lipa,XTKLP,6
5401598,Krasna Lipa mesto,Krasna Lipa mesto,XTKLM,6
8007816,Krauthausen,Krauthausen,KNKR,6
8100295,Krems an der Donau,Krems an der Donau,XAKD,6
5401646,Kresice u Decina,Kresice u Decina,OTKUD,6
8073432,Kressbronn Hafen,Kressbronn Hafen,RKRB,6
8012098,Kretscham-Rothensehma,Kretscham-Rothensehma,DKRO,6
8007820,Kreuzau Bahnhof,Kreuzau Bahnhof,KKUZ,6
8007830,Kreuzau-Eifelstraße,Kreuzau-Eifelstraße,KKUZE,6
966903,Kreuzeck/Alpspitzbahn Bahnhof - Garmisch-Partenkirc,Kreuzeck/Alpspitzbahn Bahnhof - Garmisch-Partenkirc,MKZB,6
8506131,Kreuzlingen,Kreuzlingen,XSKR,6
8506197,Kreuzlingen Bernrain,Kreuzlingen Bernrain,XSKRB,6
8506128,Kreuzlingen Hafen,Kreuzlingen Hafen,XSKL,6
8733852,Krimmeri-Meinau,Krimmeri-Meinau,XFKM,6
5401649,Krimov,Krimov,XTKM,6
5401650,Krimov zastavka,Krimov zastavka,XTKMZ,6
5401651,Krimov-Suchdol,Krimov-Suchdol,XTKMS,6
5401655,Krizany,Krizany,XTKZY,6
8400368,Krommenie-Assendelft,Krommenie-Assendelft,XNKA,6
131002,Kronenplatz (U) - Karlsruhe,Kronenplatz (U) - Karlsruhe,PQKKD,6
364080,Kronenplatz - Karlsruhe,Kronenplatz - Karlsruhe,PQKKE,6
8400369,Kropswolde,Kropswolde,XNKR,6
5101694,Krosno Odrzanskie,Krosno Odrzanskie,XPKRO,6
7900030,Krsko,Krsko,XZKR,6
8400370,Kruiningen-Yerseke,Kruiningen-Yerseke,ONKUY,6
8100079,Krumpendorf/Wörthersee,Krumpendorf/Wörthersee,XAKR,6
5454427,Krupka-Bohosudov,Krupka-Bohosudov,PTKBV,6
5401638,Krystofovo Udoli,Krystofovo Udoli,XTKRU,6
5101863,Krzeszowice,Krzeszowice,XPKC,6
5100244,Krzewina Zgorzelecka,Krzewina Zgorzelecka,XPKZG,6
8100546,Kuchl,Kuchl,XAKU,6
8102047,Kuchl Garnei,Kuchl Garnei,PASEQ,6
8100001,Kufstein,Kufstein,XAKN,6
5401660,Kuks,Kuks,OTKK,6
723532,Kullenmühle - Bad Herrenalb,Kullenmühle - Bad Herrenalb,RKUL,6
8101063,Kumpfmühl,Kumpfmühl,OAKMU,6
8100100,Kundl,Kundl,XAKUN,6
5103034,Kunice,Kunice,PPKUE,6
5400280,Kunovice,Kunovice,OTKV,6
5100083,Kunowice,Kunowice,XPKU,6
347625,Kupferdreh Bahnhof - Essen (Ruhr),Kupferdreh Bahnhof - Essen (Ruhr),D347625,6
8003480,Kuppenheim,Kuppenheim,RKU,6
8012131,Kurort Jonsdorf,Kurort Jonsdorf,DKJ,6
8012132,Kurort Jonsdorf Hst,Kurort Jonsdorf Hst,DKJH,6
8012133,Kurort Kipsdorf,Kurort Kipsdorf,DKP,6
8012134,Kurort Oberwiesenthal,Kurort Oberwiesenthal,DKOW,6
8012135,Kurort Oybin,Kurort Oybin,DKOY,6
8012136,Kurort Oybin-Niederdorf,Kurort Oybin-Niederdorf,DKON,6
361105,Kurt-Schumacher-Straße - Karlsruhe,Kurt-Schumacher-Straße - Karlsruhe,PQKKS,6
8007844,Kutenholz,Kutenholz,AKTH,6
7800034,Kutina,Kutina,XRKU,6
5100032,Kutno,Kutno,XPKT,6
5600081,Kuty,Kuty,XYKU,6
5101849,Kwieciszowice,Kwieciszowice,OPKWC,6
8012142,Kyritz,Kyritz,WKY,6
8017159,Kyritz Am Bürgerpark,Kyritz Am Bürgerpark,WKYA,6
5600135,Kysak,Kysak,XYKY,6
5401683,Kytlice,Kytlice,XTKT,6
8007276,Kälberau,Kälberau,FKAE,6
8012065,Kölpinsee,Kölpinsee,WKP,6
8003376,Königsbach(Baden),Königsbach(Baden),TKB,6
8007286,Königschaffhausen,Königschaffhausen,RKHS,6
8007281,Königshofen(Kahl),Königshofen(Kahl),FKHN,6
714222,Königsplatz - Kassel,Königsplatz - Kassel,FKKPL,6
8007164,Königstein(Taunus),Königstein(Taunus),FKOE,6
8070029,Königswinter Fähre,Königswinter Fähre,KKOWF,6
8070074,Königswinter - Clemens-August-Str.,Königswinter - Clemens-August-Str.,KKOWA,6
8007849,Köppern,Köppern,FKP,6
5500127,Körmend,Körmend,XMKR,6
8100594,Köstendorf Weng,Köstendorf Weng,XAWEG,6
800033,Kühberg - Bad Abbach,Kühberg - Bad Abbach,D800033,6
723921,Kühler Krug - Karlsruhe,Kühler Krug - Karlsruhe,RKKK,6
8100336,Kühnsdorf-Klopeiner See,Kühnsdorf-Klopeiner See,XAKKS,6
8003467,Külte-Wetterburg,Külte-Wetterburg,FKWB,6
8505002,Küssnacht am Rigi,Küssnacht am Rigi,XSKN,6
8700315,LAigle,LAigle,XFLAE,6
8700123,La Bastide-St-Laurent les Bains,La Bastide-St-Laurent les Bains,XFLBS,6
8703545,La Brigue(F),La Brigue(F),XFWBI,6
8703555,La Charité sur Loire,La Charité sur Loire,XFLAT,6
8706480,La Frayère,La Frayère,PFBTF,6
8501001,La Plaine,La Plaine,XFGPL,6
8700136,La Roche sur Foron,La Roche sur Foron,OFLRF,6
8700069,La Roche sur Yon,La Roche sur Yon,XFLRY,6
8701994,La Souterraine,La Souterraine,XFLST,6
8300156,La Spezia Centrale,La Spezia Centrale,XILS,2
8701472,La Wantzenau,La Wantzenau,OFLWZ,6
8101180,Laa/Thaya,Laa/Thaya,XALAA,6
8702524,Labege-Innopole,Labege-Innopole,OFLBE,6
8800490,Labuissiere,Labuissiere,XBLBS,6
8503220,Lachen SZ,Lachen SZ,XSLH,6
8400382,Lage Zwaluwe,Lage Zwaluwe,XNZLW,6
8005291,Lahntal-Sarnau,Lahntal-Sarnau,FLSR,6
8003495,Laineck,Laineck,NLCK,6
8301615,Laives/Leifers,Laives/Leifers,OILAL,6
8007345,Lam,Lam,NLAM,6
8200143,Lamadelaine,Lamadelaine,XLLM,6
8100015,Lambach,Lambach,XALB,6
8101223,Lambach Markt,Lambach Markt,OAMLB,6
360498,Lameyplatz - Karlsruhe,Lameyplatz - Karlsruhe,PQKLM,6
8505219,Lamone-Cadempino,Lamone-Cadempino,XSLMC,6
5101932,Lancut,Lancut,XPLAN,6
8517142,Lancy-Bachet,Lancy-Bachet,D8517142,6
8516155,Lancy-Pont-Rouge,Lancy-Pont-Rouge,PSAXG,6
8100063,Landeck-Zams,Landeck-Zams,XALE,6
8800486,Landelies,Landelies,XBLDL,6
8800079,Landen,Landen,XBLD,6
8400548,Landgraaf,Landgraaf,XNLG,6
8509002,Landquart,Landquart,XSLQ,6
8700444,Landry,Landry,XFLA,6
8003514,Landshut(Bay)Süd,Landshut(Bay)Süd,MLAS,6
836590,Landsweiler Nord - Lebach,Landsweiler Nord - Lebach,PQLLN,6
836589,Landsweiler Süd - Lebach,Landsweiler Süd - Lebach,PQLLS,6
838367,Landwehrplatz - Saarbrücken,Landwehrplatz - Saarbrücken,PQSL,6
8601399,Langaa st,Langaa st,XDLG,6
8800243,Langdorp,Langdorp,XBLO,6
8007137,Langeln(Holst),Langeln(Holst),ALAL,6
8100065,Langen am Arlberg,Langen am Arlberg,XALA,6
366337,Langenberg Bahnhof - Velbert,Langenberg Bahnhof - Velbert,D366337,6
8003532,Langenbrand,Langenbrand,RLBD,6
8007065,Langenmoor,Langenmoor,ALGM,6
8007013,Langensteinbach Bahnhof,Langensteinbach Bahnhof,RLSB,6
301411,Langensteinbach Schießhüttenäcker - Karlsbad,Langensteinbach Schießhüttenäcker - Karlsbad,PQKLS,6
721649,Langensteinbach St. Barbara - Karlsbad,Langensteinbach St. Barbara - Karlsbad,RLBB,6
8508100,Langenthal(CH),Langenthal(CH),XSLT,6
132501,Langerfeld Markt - Wuppertal,Langerfeld Markt - Wuppertal,D132501,6
8100300,Langkampfen,Langkampfen,XALK,6
8070812,Langquaid(b Eggmühl),Langquaid(b Eggmühl),MLQU,6
8101176,Langschlag b.Großgerungs,Langschlag b.Großgerungs,OALSG,6
8400135,Lansingerland-Zoetermeer,Lansingerland-Zoetermeer,PNACH,6
8101178,Lasberg-St. Oswald,Lasberg-St. Oswald,OALSO,6
5101923,Laski Odrzanskie,Laski Odrzanskie,XPLAO,6
7900031,Lasko,Lasko,OJLAS,6
5100128,Laskowice Pomorskie,Laskowice Pomorskie,XPLP,6
5101933,Lasow,Lasow,XPLSW,6
8003573,Laudenbach am Main,Laudenbach am Main,NLK,6
8003572,Laudenbach(Württ),Laudenbach(Württ),TLC,6
8500113,Laufen(CH),Laufen(CH),XSLF,6
8003584,Laufen(Oberbay),Laufen(Oberbay),MLF,6
8500322,Laufenburg(CH),Laufenburg(CH),XSLN,6
8501120,Lausanne,Lausanne,XSLA,1
8501181,Lausanne-Flon,Lausanne-Flon,XSLAF,6
8500024,Lausen(CH),Lausen(CH),XSLS,6
8012176,Lauter(Sachs),Lauter(Sachs),DLR,6
8100302,Lauterach,Lauterach,XALAH,6
8012177,Lauterbach Mole,Lauterbach Mole,WLAM,6
8017345,Lauterbach(Rügen),Lauterbach(Rügen),WLAU,6
8700353,Lauterbourg,Lauterbourg,XFLTG,6
8012173,Laußig(Düben),Laußig(Düben),LLSG,6
8601417,Laven st,Laven st,XDLA,6
8300606,Laveno Mombello,Laveno Mombello,XILVM,6
8100194,Laßnitzhöhe,Laßnitzhöhe,OALH,6
8101161,Laßnitzthal,Laßnitzthal,OALNT,6
8703684,Le Blanc-Mesnil,Le Blanc-Mesnil,XFBLM,6
8706479,Le Bosquet,Le Bosquet,PFBTE,6
8700355,Le Bourget,Le Bourget,XFLB,6
8700167,Le Creusot Montceau Montchanin TGV,Le Creusot Montceau Montchanin TGV,XFLC,6
8700112,Le Havre,Le Havre,XFHV,6
8700435,Le Mans,Le Mans,XFLM,6
8703727,Le Raincy Villemomble Montferm,Le Raincy Villemomble Montferm,XFRVM,6
836591,Lebach Süd,Lebach Süd,PQLES,6
8800343,Lebbeke,Lebbeke,XBLK,6
8400386,Leerdam,Leerdam,ONLE,6
8400387,Leeuwarden,Leeuwarden,XNLW,6
8400389,Leeuwarden Camminghaburen,Leeuwarden Camminghaburen,ONLWC,6
5100035,Legnica,Legnica,XPLE,6
8100035,Leibnitz,Leibnitz,XALZ,6
8400390,Leiden Centraal,Leiden Centraal,XNL,2
8400384,Leiden Lammenschans,Leiden Lammenschans,XNLL,6
8003621,Leimstruth,Leimstruth,ELEI,6
8003623,Leingarten,Leingarten,TLG,6
8071003,Leingarten Mitte,Leingarten Mitte,TLGM,6
8070157,Leingarten Ost,Leingarten Ost,TLGO,6
8003624,Leingarten West,Leingarten West,TLGW,6
8098205,Leipzig Hbf (tief),Leipzig Hbf (tief),LL  T,2
711002,Leipziger Platz - Kassel,Leipziger Platz - Kassel,FKBHL,6
710954,Leipziger Straße - Kassel,Leipziger Straße - Kassel,FKBHW,6
8100554,Leithen b.Seefeld,Leithen b.Seefeld,XALT,6
8400394,Lelystad Centrum,Lelystad Centrum,XNLY,6
8003633,Lemgo,Lemgo,ELGO,6
8003634,Lemgo-Lüttfeld,Lemgo-Lüttfeld,ELGL,6
8100045,Lend,Lend,XALND,6
5401708,Lenesice,Lenesice,XTLES,6
8102009,Lengau,Lengau,XALEG,6
8012201,Lengefeld-Rauenstein,Lengefeld-Rauenstein,DRAU,6
270034,Lengfeld B16 - Bad Abbach,Lengfeld B16 - Bad Abbach,D270034,6
8506196,Lengwil,Lengwil,XSLW,6
8700244,Lens(F),Lens(F),XFLN,6
8007056,Lentföhrden,Lentföhrden,ALFD,6
8502119,Lenzburg,Lenzburg,XSLB,6
8101141,Lenzing,Lenzing,XALEZ,6
8100070,Leoben Hbf,Leoben Hbf,XALO,2
8101163,Leobersdorf,Leobersdorf,OALOD,6
8100051,Leogang,Leogang,XALG,6
8101165,Leonding,Leonding,OALOG,6
8800080,Leopoldsburg,Leopoldsburg,XBLB,6
721670,Leopoldshafen Frankfurter Straße - Eggenstein-Leopo,Leopoldshafen Frankfurter Straße - Eggenstein-Leopo,RLEOF,6
8007174,Leopoldshafen Leopoldstraße,Leopoldshafen Leopoldstraße,RLEO,6
721674,Leopoldshafen Viermorgen - Eggenstein-Leopoldshafen,Leopoldshafen Viermorgen - Eggenstein-Leopoldshafen,RLEV,6
8100552,Lermoos,Lermoos,XALM,6
8700060,Lerouville,Lerouville,XFLE,6
8700624,Les Arcs Draguignan,Les Arcs Draguignan,XFLAC,6
8700003,Les Aubrais - Orléans,Les Aubrais - Orléans,XFAO,6
8501011,Les Tuileries,Les Tuileries,OSLTL,6
7900002,Lesce-Bled,Lesce-Bled,XZLB,6
364507,Lessingstraße - Karlsruhe,Lessingstraße - Karlsruhe,PQKL,6
5100036,Leszno,Leszno,XPLN,6
5101998,Leszno Gorne,Leszno Gorne,XPLNG,6
5102118,Letnica,Letnica,OPLTN,6
8012208,Leubsdorf(Sachs),Leubsdorf(Sachs),DLEU,6
8701462,Leucate-la-Franqui,Leucate-la-Franqui,OFLUT,6
8270650,Leudelange,Leudelange,XLLD,6
8501601,Leuk,Leuk,XSLE,6
8800011,Leuven,Leuven,XBLE,6
8300159,Levanto,Levanto,XILE,6
5500771,Level,Level,OMLEE,6
5401716,Levinska Olesnice,Levinska Olesnice,OTLOL,6
8702319,Lezignan,Lezignan,XFLZ,6
5401734,Libcice n.Vlt.-Letky,Libcice n.Vlt.-Letky,OTLVL,6
5401733,Libcice nad Vltavou,Libcice nad Vltavou,OTLNV,6
5400198,Liberec,Liberec,XTL,6
5401739,Liberec-Horni Ruzodol,Liberec-Horni Ruzodol,XTLHR,6
8800021,Libramont,Libramont,XBLBM,6
5401752,Libstat,Libstat,OTLTT,6
8012222,Lichtenhain(a d Bergbahn),Lichtenhain(a d Bergbahn),ULIH,6
8017404,Lichtenstein Ernst-Schneller-Siedlung,Lichtenstein Ernst-Schneller-Siedlung,DLTSS,6
8017405,Lichtenstein Gewerbegebiet,Lichtenstein Gewerbegebiet,DLGL,6
8017406,Lichtenstein Hartensteiner Straße,Lichtenstein Hartensteiner Straße,DLTSH,6
8400395,Lichtenvoorde-Groenlo,Lichtenvoorde-Groenlo,ONLI,6
8003677,Liebenau(Bz Kassel),Liebenau(Bz Kassel),FLIB,6
8007159,Liederbach,Liederbach,FLDB,6
8070041,Liederbach-Süd,Liederbach-Süd,FLDS,6
8100141,Lienz in Osttirol,Lienz in Osttirol,XALI,6
8800238,Liers,Liers,XBLI,6
8500023,Liestal,Liestal,XSLI,6
8100131,Liezen,Liezen,XALZN,6
8704949,Lille Europe,Lille Europe,XFLIE,6
8700030,Lille Flandres,Lille Flandres,XFLI,6
8101154,Limberg-Maissau,Limberg-Maissau,OALIM,6
8300381,Limone,Limone,XILMN,6
8310061,Limone Confine,Limone Confine,PIXL,6
714811,Lindenberg - Kassel,Lindenberg - Kassel,FKBHI,6
8012239,Lindow(Mark),Lindow(Mark),WLDW,6
721697,Linkenheim Friedrichstraße - Linkenheim-Hochstetten,Linkenheim Friedrichstraße - Linkenheim-Hochstetten,RLINF,6
8079018,Linkenheim Rathaus,Linkenheim Rathaus,RLING,6
721699,Linkenheim Schulzentrum - Linkenheim-Hochstetten,Linkenheim Schulzentrum - Linkenheim-Hochstetten,RLINZ,6
721700,Linkenheim Süd - Linkenheim-Hochstetten,Linkenheim Süd - Linkenheim-Hochstetten,RLINS,6
7400008,Linköping Central,Linköping Central,XVL,2
8007803,Linnich Bhf,Linnich Bhf,KLIN,6
8007806,Linnich-Tetz,Linnich-Tetz,KLIT,6
8007447,Linsenhofen,Linsenhofen,TLSH,6
8100013,Linz Hbf,Linz Hbf,XAL,2
8100807,Linz/Donau Franckstraße,Linz/Donau Franckstraße,OAFRR,6
8101195,Linz/Donau Wegscheid,Linz/Donau Wegscheid,XALW,6
5102094,Lipinki Luzyckie,Lipinki Luzyckie,XPLIL,6
5401773,Lipova u Sluknova,Lipova u Sluknova,XTLL,6
5401785,Lisny,Lisny,OTLSN,6
8300958,Lissone-Muggio,Lissone-Muggio,OILMU,6
7900140,Litija,Litija,XZLJ,6
5401791,Litomerice mesto,Litomerice mesto,XTLM,6
8195426,Litschau,Litschau,PASKR,6
5401799,Litvinov,Litvinov,OTLVI,6
5401800,Litvinov mesto,Litvinov mesto,XTLTM,6
8300157,Livorno Centrale,Livorno Centrale,XILI,2
8800235,Liège-Carré,Liège-Carré,XBLJ,6
8800012,Liège-Guillemins,Liège-Guillemins,XBLIG,1
8800586,Liège-Saint-Lambert,Liège-Saint-Lambert,XBLP,6
7900003,Ljubljana,Ljubljana,XZL,6
7100207,Llanca,Llanca,OELLA,6
8800126,Lobbes,Lobbes,XBLOB,6
8505400,Locarno,Locarno,XSLC,6
8100124,Lochau-Hörbranz,Lochau-Hörbranz,XALH,6
8400399,Lochem,Lochem,ONLOC,6
5401805,Lochovice,Lochovice,OTLHO,6
8601472,Loeftgaard st,Loeftgaard st,XDLF,6
5401809,Lom u Mostu,Lom u Mostu,OTLOM,6
5401810,Lom u Mostu zastavka,Lom u Mostu zastavka,XTLMZ,6
8700188,Longueau,Longueau,XFLNG,6
8700162,Longwy,Longwy,XFLY,6
8700189,Lons-Le-Saunier,Lons-Le-Saunier,XFLS,6
8101169,Loosdorf b.Melk,Loosdorf b.Melk,XALDF,6
8400403,Loppersum,Loppersum,ONLO,6
8700729,Lorraine TGV,Lorraine TGV,XFLR,6
8101175,Lorüns,Lorüns,OALRU,6
8012255,Lottschesee,Lottschesee,BLOS,6
8503420,Lottstetten,Lottstetten,XSLO,6
5401825,Louka u Litvinova,Louka u Litvinova,XTLUL,6
5401831,Louny,Louny,XTLOU,6
5401832,Louny mesto,Louny mesto,XTLOM,6
5403824,Louny stred,Louny stred,XTLNS,6
8700356,Lourches,Lourches,XFLO,6
8700105,Lourdes,Lourdes,XFL,6
5400176,Lovosice,Lovosice,XTLO,6
5401840,Lovosice mesto,Lovosice mesto,OTLSM,6
5100224,Luban Sl.,Luban Sl.,XPLU,6
5101947,Lubanice,Lubanice,OPLBN,6
5100308,Lubin,Lubin,XPLUG,6
5100378,Lubin Stadion,Lubin Stadion,OPLSA,6
8100066,Ludesch,Ludesch,XALU,6
8000308,Ludwigshafen(Rhein) BASF Mitte,Ludwigshafen(Rhein) BASF Mitte,RLBM,6
8087060,Ludwigshafen(Rhein) BASF Nord,Ludwigshafen(Rhein) BASF Nord,RLBN,6
8002056,Ludwigshafen(Rhein) BASF Süd,Ludwigshafen(Rhein) BASF Süd,RLBS,6
8070167,Ludwigshafen(Rhein) Oppau,Ludwigshafen(Rhein) Oppau,RLOP,6
835814,Ludwigstr. Malstatt - Saarbrücken,Ludwigstr. Malstatt - Saarbrücken,PQSML,6
8505300,Lugano,Lugano,XSL,6
5401861,Luh nad Svatavou,Luh nad Svatavou,XTLS,6
8300061,Luino,Luino,XIL,6
8701415,Lumes Halte,Lumes Halte,XFLUQ,6
7400115,Lund Central,Lund Central,XVLD,2
8601509,Lunde J st,Lunde J st,XDLD,6
8601512,Lunderskov st,Lunderskov st,XDLU,6
8702315,Lunel,Lunel,XFLUN,6
8101185,Lungitz/Gusen,Lungitz/Gusen,OALUN,6
8400405,Lunteren,Lunteren,ONLU,6
8700264,Lunéville,Lunéville,XFLU,6
8502237,Lupfig,Lupfig,XSLP,6
8100123,Lustenau,Lustenau,XALUU,6
8500208,Luterbach-Attisholz,Luterbach-Attisholz,XSLZ,6
715535,Lutherplatz - Kassel,Lutherplatz - Kassel,FKLPL,6
8701439,Lutterbach,Lutterbach,XFLUB,6
8700505,Lutzelbourg,Lutzelbourg,XFLT,6
8200100,Luxembourg,Luxembourg,XLL,6
5401877,Luzany,Luzany,OTLUY,6
8505000,Luzern,Luzern,XSLU,1
5401883,Lvova,Lvova,XTLVV,6
8700152,Lyon Part Dieu,Lyon Part Dieu,XFLPD,6
8100553,Lähn,Lähn,XALN,6
8500035,Läufelfingen,Läufelfingen,XSLL,6
5500765,Lébény-Mosonszentmiklos,Lébény-Mosonszentmiklos,OMLEM,6
8101164,Lödersdorf,Lödersdorf,OALOF,6
5500110,Lököshaza,Lököshaza,XMLO,6
8012245,Lößnitz ob Bf,Lößnitz ob Bf,DLN,6
8012246,Lößnitz unt Bf,Lößnitz unt Bf,DLNU,6
8012247,Lößnitzgrund,Lößnitzgrund,DLOE,6
8012265,Lübz,Lübz,WLZ,6
110452,Lüttringhausen Bahnhof Beyenburger Straße - Remsche,Lüttringhausen Bahnhof Beyenburger Straße - Remsche,D110452,6
8400088,Maarheeze,Maarheeze,PNABN,6
8400417,Maarn,Maarn,ONMN,6
8400419,Maarssen,Maarssen,XNMS,6
8079021,Maasbüll(b Niebüll),Maasbüll(b Niebüll),AMSB,6
8400424,Maastricht,Maastricht,XNMT,6
8400449,Maastricht Noord,Maastricht Noord,PNMAN,6
8400426,Maastricht Randwyck,Maastricht Randwyck,XNMTR,6
7100184,Macanet-Massanes,Macanet-Massanes,OEMAM,6
8300864,Maccagno,Maccagno,OIM C,6
8701479,Machilly,Machilly,XFMCI,6
5401888,Machnin,Machnin,XTMC,6
5401889,Machnin hrad,Machnin hrad,XTMR,6
8505406,Magadino-Vira,Magadino-Vira,OSMGV,6
8703876,Magland,Magland,OFMYJ,6
8301723,Magrè-Cortaccia,Magrè-Cortaccia,OIMMC,6
8509003,Maienfeld,Maienfeld,XSMF,6
8100050,Maishofen-Saalbach,Maishofen-Saalbach,XAMS,6
8701650,Maizieres-les-Metz,Maizieres-les-Metz,OFMZM,6
5401246,Majdalena,Majdalena,OTCHT,6
5401892,Mala Bela,Mala Bela,XTMLB,6
5401898,Mala Skala,Mala Skala,OTMAS,6
5401899,Mala Velen,Mala Velen,XTMV,6
5100040,Malbork,Malbork,XPMA,6
8087006,Malchow Krebssee,Malchow Krebssee,WMAK,6
5102278,Malczyce,Malczyce,XPMAL,6
5401901,Male Brezno nad Labe,Male Brezno nad Labe,OTMBL,6
8011650,Malk Göhren,Malk Göhren,WGRN,6
5401910,Malkov,Malkov,OTMKV,6
8701481,Malling(F),Malling(F),OFMAG,6
8012297,Malliß,Malliß,WML,6
8100093,Mallnitz-Obervellach,Mallnitz-Obervellach,XAMO,6
7400004,Malmö Central,Malmö Central,XVM,2
5102184,Malomice,Malomice,XPMLO,6
8303905,Malpensa Aeroporto T1,Malpensa Aeroporto T1,XIFMA,3
8320005,Malpensa Aeroporto T2,Malpensa Aeroporto T2,PIAAX,3
8012298,Malter,Malter,DMAL,6
8270680,Mamer,Mamer,XLMR,6
8276932,Mamer Lycée,Mamer Lycée,XLMY,6
8506155,Mammern (See),Mammern (See),XSMMS,6
8506137,Mammern(Bodensee),Mammern(Bodensee),XSMM,6
8800121,Manage,Manage,XBMA,6
8003836,Mandern,Mandern,FMAN,6
8012299,Manebach,Manebach,UMCH,6
804281,Manfort Bahnhof - Leverkusen,Manfort Bahnhof - Leverkusen,D804281,6
8506160,Mannenbach (See),Mannenbach (See),XSMBS,6
8506134,Mannenbach-Salenstein,Mannenbach-Salenstein,XSMB,6
8270690,Manternach,Manternach,XLMN,6
8400427,Mantgum,Mantgum,ONMG,6
8070481,Marbach(b Münsingen),Marbach(b Münsingen),TMBM,6
8003851,Marbach-Grafeneck,Marbach-Grafeneck,TGRA,6
8701580,Marbache,Marbache,OFMRB,6
8800156,Marbehan,Marbehan,XBMAR,6
8800473,Marche-les-Dames,Marche-les-Dames,XBMD,6
8100466,Marchegg,Marchegg,XAMG,6
8800122,Marchienne au Pont,Marchienne au Pont,XBMP,6
8800485,Marchienne-Zone,Marchienne-Zone,XBMIZ,6
8101204,Marchtrenk,Marchtrenk,XAMR,6
5100078,Marciszow,Marciszow,OPMW,6
8003858,Margertshausen Bf,Margertshausen Bf,MMGH,6
7900006,Maribor,Maribor,XZM,6
8400428,Marienberg(NL),Marienberg(NL),ONMB,6
8012301,Marienberg(Sachs),Marienberg(Sachs),DMG,6
8700492,Marignier,Marignier,OFMGM,6
8003873,Markelsheim,Markelsheim,TMA,6
836472,Markt - Heusweiler,Markt - Heusweiler,PQHM,6
8003883,Marktl,Marktl,MMK,6
121003,Marktplatz (Kaiserstraße U) - Karlsruhe,Marktplatz (Kaiserstraße U) - Karlsruhe,PQKMZ,6
131011,Marktplatz (Pyramide U) - Karlsruhe,Marktplatz (Pyramide U) - Karlsruhe,PQKPU,6
8079035,Marktplatz - Karlsruhe,Marktplatz - Karlsruhe,RKMAK,6
5401928,Markvartice,Markvartice,XTMVE,6
8701544,Marle-sur-Serre,Marle-sur-Serre,XFMSS,6
8800154,Marloie,Marloie,XBMR,6
8704948,Marne la Vallée-Chessy,Marne la Vallée-Chessy,XFMVC,6
8003893,Marnheim,Marnheim,FMHM,6
8505303,Maroggia-Melano,Maroggia-Melano,OSMME,6
8700464,Marseille-Blancarde,Marseille-Blancarde,XFMBL,6
8700074,Marseille-St-Charles,Marseille-St-Charles,XFM,6
8400430,Martenshoek,Martenshoek,XNMH,6
8501500,Martigny,Martigny,XSMA,6
8701583,Martigues,Martigues,XFMAG,6
8007009,Marxzell,Marxzell,RMX,6
8079119,Maselheim,Maselheim,TMSM,6
8003910,Massing,Massing,MMSG,6
104722,Mathildenplatz - Darmstadt,Mathildenplatz - Darmstadt,FDN M,6
366062,Mathystraße - Karlsruhe,Mathystraße - Karlsruhe,RKMTY,6
8100106,Matrei am Brenner,Matrei am Brenner,XAM,6
8100409,Mattighofen,Mattighofen,XAMAH,6
8003912,Matzing,Matzing,MMTZ,6
8700249,Maubeuge,Maubeuge,XFMB,6
8100410,Mauerkirchen,Mauerkirchen,XAMK,6
8003918,Maulbronn Stadt/Kloster,Maulbronn Stadt/Kloster,TMBS,6
8100125,Mautern im Liesingtal,Mautern im Liesingtal,XAMT,6
8070804,Mauthaus,Mauthaus,NMAU,6
8084068,Maxau,Maxau,RMAX,6
8003923,Maximiliansau Eisenbahnstraße,Maximiliansau Eisenbahnstraße,RMAL,6
8084067,Maximiliansau West,Maximiliansau West,RMAW,6
8100541,Mayrhofen im Zillertal,Mayrhofen im Zillertal,XAMY,6
8800010,Mechelen,Mechelen,XBMCH,6
5401941,Medenec,Medenec,XTMED,6
5401942,Medenec zastavka,Medenec zastavka,XTMEZ,6
5300063,Medias,Medias,XUM,6
8400434,Meerssen,Meerssen,XNMES,6
8079026,Meeschensee,Meeschensee,AMSS,6
8012324,Meinersdorf(Erzgeb),Meinersdorf(Erzgeb),DMS,6
8508308,Meiringen,Meiringen,XSM,6
8505302,Melide,Melide,OSMED,6
8100005,Melk,Melk,XAME,6
8012330,Mellenbach-Glasbach,Mellenbach-Glasbach,UMEL,6
8503414,Mellikon,Mellikon,OSMEX,6
8509412,Mels,Mels,XSMS,6
8700540,Melun,Melun,XFMEL,6
8505305,Mendrisio,Mendrisio,XSME,6
8518475,Mendrisio S. Martino,Mendrisio S. Martino,PSMPP,6
8003970,Mengeringhausen,Mengeringhausen,FMGH,6
8077779,Menningen-Leitishofen,Menningen-Leitishofen,RMEN,6
8700150,Menton,Menton,XFME,6
8701518,Menton Garavan,Menton Garavan,OFMGV,6
8007145,Menzingen(Baden),Menzingen(Baden),RMZN,6
8508297,Menznau,Menznau,XSMEN,6
8400435,Meppel,Meppel,ONMP,6
8300097,Merano/Meran,Merano/Meran,XIMM,6
8800340,Merchtem,Merchtem,XBMER,6
8800123,Merelbeke,Merelbeke,XBME,6
8200110,Mersch(LUX),Mersch(LUX),XLM,6
8270720,Mertert,Mertert,XLMT,6
8701637,Merxheim(Colmar),Merxheim(Colmar),XFMEH,6
8000202,Merzig(Saar) Ost,Merzig(Saar) Ost,SMZO,6
430011,Messe/Deutz Bahnhof - Köln,Messe/Deutz Bahnhof - Köln,D430011,6
8004005,Mettmann Stadtwald,Mettmann Stadtwald,KME,6
8004007,Mettmann Zentrum,Mettmann Zentrum,KMEW,6
8701651,Metz Nord,Metz Nord,OFMZN,6
8700019,Metz Ville,Metz Ville,XFMZV,6
8070678,Metzingen-Neuhausen,Metzingen-Neuhausen,TNHU,6
8714732,Meuse TGV,Meuse TGV,XFMU,6
8012346,Meuselbach-Schwarzmühle,Meuselbach-Schwarzmühle,UMEU,6
8012348,Meyenburg,Meyenburg,WME,6
8300102,Mezzocorona,Mezzocorona,XIMZ,6
5500853,Mezöpeterd,Mezöpeterd,OMMZP,6
8012342,Meßdorf,Meßdorf,LMF,6
8077778,Meßkirch,Meßkirch,RMSS,6
8270730,Michelau(LUX),Michelau(LUX),XLMC,6
8007194,Michelau(Württ),Michelau(Württ),TMIC,6
8007277,Michelbach(Unterfr),Michelbach(Unterfr),FMIC,6
8070165,Michelbach(Unterfr) Herrnmühle,Michelbach(Unterfr) Herrnmühle,FMICH,6
8100412,Micheldorf,Micheldorf,XAMI,6
8400436,Middelburg,Middelburg,ONM,6
8601593,Middelfart st,Middelfart st,XDMF,6
8007193,Miedelsbach-Steinenberg,Miedelsbach-Steinenberg,TMST,6
5102265,Miekinia,Miekinia,XPMIE,6
8501014,Mies,Mies,OSMIS,6
5102244,Mikolow,Mikolow,XPMIK,6
5401975,Mikulasovice dolni nadrazi,Mikulasovice dolni nadrazi,XTMD,6
5401976,Mikulasovice horni nadrazi,Mikulasovice horni nadrazi,XTMHN,6
5401977,Mikulasovice stred,Mikulasovice stred,XTMHS,6
5102272,Mikulowa,Mikulowa,OPMKU,6
8300046,Milano Centrale,Milano Centrale,XIMB,1
8300416,Milano Greco Pirelli,Milano Greco Pirelli,XIMG,6
8300062,Milano Lambrate,Milano Lambrate,XIML,6
8300047,Milano Porta Garibaldi,Milano Porta Garibaldi,XIMP,6
8300418,Milano Rogoredo,Milano Rogoredo,XIMR,6
5102263,Milkowice,Milkowice,XPMLK,6
219774,Millrath S/Feldstraße - Erkrath,Millrath S/Feldstraße - Erkrath,D219774,6
8012353,Milmersdorf,Milmersdorf,WMF,6
8800237,Milmort,Milmort,XBMM,6
8000640,Miltenberg,Miltenberg,NM,6
5400140,Mimon,Mimon,XTMM,6
8100478,Mining,Mining,XAMN,6
8505417,Minusio,Minusio,D8505417,6
8700362,Miramas,Miramas,XFMI,6
5400283,Mirovice,Mirovice,OTMV,6
8012361,Mirow,Mirow,WMIR,6
8012366,Mitteloelsnitz,Mitteloelsnitz,DMST,6
8101219,Mitterberghütten,Mitterberghütten,XAMH,6
8101221,Mitterdorf-Veitsch,Mitterdorf-Veitsch,XAMV,6
8004046,Mittergars,Mittergars,MMIG,6
8100417,Mittewald an der Drau,Mittewald an der Drau,OAMIW,6
8101210,Mixnitz-Bärenschützklamm,Mixnitz-Bärenschützklamm,XAMIX,6
5400141,Mlada Boleslav hl.n.,Mlada Boleslav hl.n.,XTMB,2
5402007,Mlada Boleslav mesto,Mlada Boleslav mesto,XTMBM,6
5402019,Mlcechvosty,Mlcechvosty,OTMVY,6
5102284,Mlynsko,Mlynsko,OPMLK,6
5402025,Mlyny(CZ),Mlyny(CZ),XTMY,6
5402030,Mnichovo Hradiste,Mnichovo Hradiste,OTMOR,6
8700127,Modane,Modane,XFMOD,6
8705091,Modane(Fr),Modane(Fr),D8705091,6
8300214,Modena,Modena,XIMD,6
5102311,Modla,Modla,XPMDL,6
8101231,Mogersdorf,Mogersdorf,OAMOG,6
5100220,Mogilno,Mogilno,XPMG,6
5402040,Mojzir,Mojzir,OTMJZ,6
8800124,Mol,Mol,XBML,6
8509415,Mols,Mols,XSMOS,6
723630,Moltkestraße/Städt. Klinikum - Karlsruhe,Moltkestraße/Städt. Klinikum - Karlsruhe,PQKSK,6
8700395,Mommenheim,Mommenheim,XFMH,6
8700174,Monaco-Monte-Carlo,Monaco-Monte-Carlo,XFMC,6
8300103,Monfalcone,Monfalcone,XIMOF,6
8300421,Monguelfo-Casies/Welsberg-Gsies,Monguelfo-Casies/Welsberg-Gsies,XIMW,6
8800025,Mons,Mons,XBMS,6
8700177,Montbéliard Ville,Montbéliard Ville,XFMD,6
8700096,Montelimar,Montelimar,XFMN,6
8300183,Monterosso,Monterosso,XIMRO,6
8501421,Monthey,Monthey,XSMY,6
8700028,Montluçon Ville,Montluçon Ville,XFMLV,6
8700159,Montmelian,Montmelian,XFMOM,6
8700097,Montpellier Saint-Roch,Montpellier Saint-Roch,XFMO,6
8768888,Montpellier Sud de France,Montpellier Sud de France,PFMSF,6
8501300,Montreux,Montreux,XSMO,6
8300063,Monza,Monza,XIMOZ,6
8400077,Mook-Molenhoek,Mook-Molenhoek,PNABI,6
8079023,Moorbekhalle,Moorbekhalle,AMBH,6
8079265,Moosbachtal,Moosbachtal,SMBT,6
8100376,Moosbierbaum-Heiligeneich,Moosbierbaum-Heiligeneich,XAMB,6
8007630,Moosrain,Moosrain,MMRI,6
8701643,Moret-Veneux-les-Sablons,Moret-Veneux-les-Sablons,XFMOR,6
8501037,Morges,Morges,XSMG,6
8700284,Morhange,Morhange,XFMOH,6
8012387,Moritzburg,Moritzburg,DMO,6
5500016,Mosonmagyarovar,Mosonmagyarovar,XMMO,6
5400203,Most,Most,XTMO,6
5402062,Most-Kopisty,Most-Kopisty,XTMOK,6
5403763,Most-Minerva,Most-Minerva,OTMTM,6
5402063,Mostek,Mostek,XTMT,6
8705360,Mouans-Sartoux,Mouans-Sartoux,PFABX,6
8700049,Mouchard,Mouchard,XFMOU,6
8700041,Moulins-sur-Allier,Moulins-sur-Allier,XFMSA,6
8800159,Mouscron,Mouscron,XBMN,6
8800480,Moustier,Moustier,XBMT,6
8500105,Moutier,Moutier,XSMU,6
8700129,Moutiers-Salins-Brides-les-Bains,Moutiers-Salins-Brides-les-Bains,XFMT,6
8700364,Moyeuvre-Grande,Moyeuvre-Grande,XFMG,6
5102335,Mrozow,Mrozow,XPMRO,6
8800129,Muizen,Muizen,XBMU,6
8013486,Muldenberg,Muldenberg,DMB,6
8700031,Mulhouse Ville,Mulhouse Ville,XFMV,6
8700564,Mulhouse-Dornach,Mulhouse-Dornach,XFMVD,6
8007809,Mulsum-Essel,Mulsum-Essel,AMS,6
8100489,Munderfing,Munderfing,XAMF,6
8701497,Mundolsheim,Mundolsheim,XFMUM,6
8800372,Munkzwalm,Munkzwalm,XBMZ,6
8270780,Munsbach,Munsbach,XLMB,6
8700563,Munster(Metzeral),Munster(Metzeral),XFMST,6
8506396,Muolen,Muolen,XSMUO,6
8509417,Murg,Murg,XSMR,6
8100555,Musau,Musau,XAMU,6
8700183,Mussidan,Mussidan,XFMUS,6
5402074,Mutejovice,Mutejovice,XTMU,6
8500020,Muttenz,Muttenz,XSMT,6
5100175,Myslowice,Myslowice,XPMS,6
8700032,Mâcon Ville,Mâcon Ville,XFMCV,6
8700253,Mâcon-Loché TGV,Mâcon-Loché TGV,XFMAL,6
8017015,Mägdesprung,Mägdesprung,LMAE,6
8070480,Mägerkingen,Mägerkingen,TMGK,6
8506184,Märwil,Märwil,XSMW,6
8101230,Mödling,Mödling,OAMOD,6
8500302,Möhlin,Möhlin,XSMI,6
8007279,Mömbris-Mensengesäß,Mömbris-Mensengesäß,FMOE,6
8070166,Mömbris-Strötzbach,Mömbris-Strötzbach,FMOES,6
8100484,Mönchhof-Halbturn,Mönchhof-Halbturn,OAMHH,6
374900,Mörsch Am Hang - Rheinstetten,Mörsch Am Hang - Rheinstetten,PQRMG,6
723109,Mörsch Bach-West - Rheinstetten,Mörsch Bach-West - Rheinstetten,RMBC,6
724171,Mörsch Merkurstraße - Rheinstetten,Mörsch Merkurstraße - Rheinstetten,RMME,6
367217,Mörsch Narzissenstraße - Rheinstetten,Mörsch Narzissenstraße - Rheinstetten,PQRMN,6
723653,Mörsch Rheinaustraße - Rheinstetten,Mörsch Rheinaustraße - Rheinstetten,RMRH,6
361818,Mörsch Römerstraße - Rheinstetten,Mörsch Römerstraße - Rheinstetten,PQRMO,6
720273,Mörsch Rösselsbrünnle - Rheinstetten,Mörsch Rösselsbrünnle - Rheinstetten,RMRB,6
8101237,Mötz,Mötz,XAMTZ,6
8070695,Mügeln Bf,Mügeln Bf,DMUE,6
8070696,Mügeln Stadt,Mügeln Stadt,DMUES,6
370103,Mühlburg West - Karlsruhe,Mühlburg West - Karlsruhe,PQKMH,6
370503,Mühlburger Feld - Karlsruhe,Mühlburger Feld - Karlsruhe,PQKMF,6
363449,Mühlburger Tor - Karlsruhe,Mühlburger Tor - Karlsruhe,PQKMK,6
8000258,Mühldorf(Oberbay),Mühldorf(Oberbay),MMF,6
8100087,Mühldorf-Möllbrücke,Mühldorf-Möllbrücke,XAMM,6
8509418,Mühlehorn,Mühlehorn,XSMH,6
836475,Mühlenstr. Walpershofen - Riegelsberg,Mühlenstr. Walpershofen - Riegelsberg,PQRWL,6
8101248,Mühlheim am Inn,Mühlheim am Inn,XAMHM,6
8070494,Mühringen,Mühringen,TMRN,6
149144,Mülheim Bahnhof - Köln,Mülheim Bahnhof - Köln,D149144,6
444017,Mülheim Wiener Platz - Köln,Mülheim Wiener Platz - Köln,KKM W,6
8100424,Müllendorf,Müllendorf,OAML,6
8098263,München Hbf (tief),München Hbf (tief),MHT,2
8098261,München Hbf Gl.27-36,München Hbf Gl.27-36,MH  N,2
8098262,München Hbf Gl.5-10,München Hbf Gl.5-10,MH  S,2
8099501,München Süd,München Süd,MS,6
8504411,Münchenbuchsee,Münchenbuchsee,XSMBU,6
8004164,Münchhausen,Münchhausen,FMHN,6
8007325,Münchingen,Münchingen,TMCG,6
8070220,Münchingen Rührberg,Münchingen Rührberg,TMCR,6
8070495,Münsingen,Münsingen,TMN,6
8507006,Münsingen(CH),Münsingen(CH),XSMUS,6
8100488,Münster-Wiesing,Münster-Wiesing,XAMW,6
8506126,Münsterlingen-Scherzingen,Münsterlingen-Scherzingen,XSMN,6
8007337,Münstertal(Schwarzwald),Münstertal(Schwarzwald),RUM,6
8007142,Münzesheim,Münzesheim,RMZH,6
8007146,Münzesheim Ost,Münzesheim Ost,RMZO,6
8100029,Mürzzuschlag,Mürzzuschlag,XAMZ,6
8400452,Naarden-Bussum,Naarden-Bussum,ONN,6
8601645,Naestved st,Naestved st,XDNV,6
5500913,Nagymaros-Visegrad,Nagymaros-Visegrad,XMNV,6
8070497,Nammen-Bad,Nammen-Bad,HNMB,6
8800018,Namur,Namur,XBNA,6
8701659,Nancois Tronville,Nancois Tronville,XFNT,6
8700018,Nancy,Nancy,XFN,6
8700020,Nantes,Nantes,XFNA,1
8700073,Narbonne,Narbonne,XFNB,6
8012415,Naumburg(Saale)Ost,Naumburg(Saale)Ost,UNMO,6
8070691,Naundorf(b Oschatz),Naundorf(b Oschatz),DNAO,6
5402100,Navarov,Navarov,XTNAV,6
8004213,Neanderthal,Neanderthal,KNEA,6
430163,Neanderthal Museum - Mettmann,Neanderthal Museum - Mettmann,D430163,6
8502005,Nebikon,Nebikon,XSN,6
8070698,Nebitzschen,Nebitzschen,DNEB,6
8007435,Neckarbischofsheim Helmhof,Neckarbischofsheim Helmhof,RNBH,6
8007434,Neckarbischofsheim Stadt,Neckarbischofsheim Stadt,RNHS,6
8004226,Neckarsulm Süd,Neckarsulm Süd,TN  S,6
8012420,Nedlitz,Nedlitz,LNE,6
5402109,Nedvezi,Nedvezi,OTNVI,6
8800130,Neerpelt,Neerpelt,XBN,6
5400225,Nejdek,Nejdek,XTNJ,6
5400238,Nejdek zastavka,Nejdek zastavka,XTNJZ,6
5400233,Nejdek-Oldrichov,Nejdek-Oldrichov,XTOL,6
5400234,Nejdek-Sejfy,Nejdek-Sejfy,XTNHZ,6
5400239,Nejdek-Sucha,Nejdek-Sucha,XTS,6
5400235,Nejdek-Tisova,Nejdek-Tisova,XTTI,6
5402112,Nelahozeves,Nelahozeves,OTNEL,6
5402113,Nelahozeves zamek,Nelahozeves zamek,OTNLZ,6
8004234,Nemmenich,Nemmenich,KNEM,6
8704092,Nemours St Pierre,Nemours St Pierre,XFNP,6
8101262,Nendeln,Nendeln,XAND,6
8012426,Nennigmühle,Nennigmühle,DNGM,6
8100068,Nenzing,Nenzing,XANE,6
8077772,Nenzingen,Nenzingen,RNN,6
5400128,Neratovice,Neratovice,XTNE,6
5454688,Neratovice sidliste,Neratovice sidliste,PTNVS,6
8800267,Nessonvaux,Nessonvaux,XBNE,6
5402126,Nestedice,Nestedice,XTNT,6
5402127,Nestemice,Nestemice,XTNM,6
8101265,Nettingsdorf,Nettingsdorf,XANF,6
8017016,Netzkater,Netzkater,LNKA,6
8017349,Neu Pudagla,Neu Pudagla,WNPG,6
8007120,Neu St Jürgen,Neu St Jürgen,ANSJ,6
8007850,Neu-Anspach,Neu-Anspach,FNAP,6
8504221,Neuchâtel,Neuchâtel,XSNC,6
8100388,Neudorf b.Parndorf,Neudorf b.Parndorf,OANEF,6
8012442,Neudorf(Erzgeb),Neudorf(Erzgeb),DNDF,6
8004260,Neudorf-Platendorf,Neudorf-Platendorf,HNPL,6
8004265,Neuenbürg(Enz),Neuenbürg(Enz),TNE,6
8070276,Neuenbürg(Enz) Freibad,Neuenbürg(Enz) Freibad,TNEB,6
8004264,Neuenbürg(Enz) Süd,Neuenbürg(Enz) Süd,TNES,6
8070278,Neuenbürg(Enz)-Rotenbach Eyachbrücke,Neuenbürg(Enz)-Rotenbach Eyachbrücke,TNEE,6
8004262,Neuenhaus,Neuenhaus,HNEH,6
8004261,Neuenhaus Süd,Neuenhaus Süd,HNES,6
8800181,Neufchateau(B),Neufchateau(B),XBNC,6
8700285,Neufchateau(F),Neufchateau(F),XFNE,6
8100495,Neufeld/Leitha,Neufeld/Leitha,OANE,6
8007448,Neuffen,Neuffen,TNEF,6
8007228,Neufra(Hohenz),Neufra(Hohenz),TNFH,6
8087081,Neuhaus am Rennweg,Neuhaus am Rennweg,UNHR,6
8004289,Neuhausen Bad Bf,Neuhausen Bad Bf,RNHN,6
8518924,Neuhausen Rheinfall,Neuhausen Rheinfall,PSNPF,6
8503423,Neuhausen(CH),Neuhausen(CH),XSNE,6
8026358,Neuhausen(b Landshut),Neuhausen(b Landshut),MNHL,6
8071117,Neuhausmühle,Neuhausmühle,NNHM,6
8506398,Neukirch-Egnach,Neukirch-Egnach,XSNK,6
8101278,Neukirchen b.Lambach,Neukirchen b.Lambach,OANLB,6
8004298,Neukirchen(Inn),Neukirchen(Inn),MNK,6
8101260,Neukirchen-Gampern,Neukirchen-Gampern,OANEG,6
8012462,Neukirchen-Klaffenbach,Neukirchen-Klaffenbach,DNK,6
8100134,Neumarkt am Wallersee,Neumarkt am Wallersee,XANKW,6
8100023,Neumarkt-Kallham,Neumarkt-Kallham,XANK,6
8000720,Neumarkt-St Veit,Neumarkt-St Veit,MNR,6
8007062,Neumünster Süd AKN,Neumünster Süd AKN,ANM,6
8114529,Neunagelberg,Neunagelberg,PAKYX,6
8004308,Neunkirch,Neunkirch,RNK,6
8101277,Neunkirchen NÖ,Neunkirchen NÖ,OANKO,6
8010245,Neuoelsnitz,Neuoelsnitz,DNOE,6
8101288,Neuratting,Neuratting,XANG,6
721887,Neureut Adolf-Ehrmann-Bad - Karlsruhe,Neureut Adolf-Ehrmann-Bad - Karlsruhe,RKNEA,6
723873,Neureut Bärenweg - Karlsruhe,Neureut Bärenweg - Karlsruhe,RKNEB,6
371110,Neureut Welschneureuter Straße - Karlsruhe,Neureut Welschneureuter Straße - Karlsruhe,PQKNW,6
8100434,Neusiedl am See,Neusiedl am See,OANEU,6
8099507,Neustadt(Holst)Gbf,Neustadt(Holst)Gbf,ANN,6
8084074,Neustift(b Passau),Neustift(b Passau),NNSP,6
378420,Neuwiesenreben - Ettlingen,Neuwiesenreben - Ettlingen,PQREN,6
8004315,Neuötting,Neuötting,MNN,6
364350,Neviges Markt/Bahnhof - Velbert,Neviges Markt/Bahnhof - Velbert,D364350,6
5402134,Nezdenice,Nezdenice,OTNZD,6
8700171,Nice Ville,Nice Ville,XFNC,6
8700481,Nice-Riquier,Nice-Riquier,OFNIR,6
8701667,Nice-St-Augustin,Nice-St-Augustin,OFNIA,6
8100499,Nickelsdorf,Nickelsdorf,OANC,6
8007825,Nideggen-Brück,Nideggen-Brück,KNID,6
8085311,Niebüll Autoverladung,Niebüll Autoverladung,ANB A,6
8074343,Niebüll neg,Niebüll neg,ANBN,6
8071875,Niederarnbach,Niederarnbach,MNAR,6
8007834,Niederau-Tuchmühle,Niederau-Tuchmühle,KTUM,6
8500211,Niederbipp,Niederbipp,XSNB,6
8013459,Niederdorf(Erzgeb),Niederdorf(Erzgeb),DNIE,6
8007079,Niederdreisbach,Niederdreisbach,ENDR,6
8503313,Niederglatt ZH,Niederglatt ZH,XSNI,6
8270790,Niederkorn,Niederkorn,XLNK,6
8080992,Niedersachswerfen Herkulesmarkt,Niedersachswerfen Herkulesmarkt,LNDH,6
8080991,Niedersachswerfen Ilfelder Straße,Niedersachswerfen Ilfelder Straße,LNDI,6
8017017,Niedersachswerfen Ost,Niedersachswerfen Ost,LNDS,6
8012496,Niederschlag,Niederschlag,DNSL,6
8007278,Niedersteinbach,Niedersteinbach,FNIH,6
8004412,Niederstetten,Niederstetten,TNI,6
8070501,Niederzissen,Niederzissen,KNZS,6
8012499,Niederzwönitz,Niederzwönitz,DNZW,6
8101273,Niederöblarn,Niederöblarn,OANIO,6
8800314,Niel,Niel,OBNL,6
663090,Nierenhof Busbahnhof - Velbert,Nierenhof Busbahnhof - Velbert,D663090,6
5102448,Nietkow,Nietkow,XPNI,6
5102487,Nietkowice,Nietkowice,OPNTK,6
8400454,Nieuw Amsterdam,Nieuw Amsterdam,XNNA,6
8400460,Nieuw Vennep,Nieuw Vennep,ONNV,6
8400455,Nieuwerkerk a. d. Ijssel,Nieuwerkerk a. d. Ijssel,ONNW,6
8400469,Nijkerk,Nijkerk,ONNK,6
8400470,Nijmegen,Nijmegen,XNNM,6
8400475,Nijmegen Dukenburg,Nijmegen Dukenburg,ONNMD,6
8400109,Nijmegen Goffert,Nijmegen Goffert,PNABY,6
8400468,Nijmegen Heyendaal,Nijmegen Heyendaal,ONNMH,6
8400016,Nijmegen Lent,Nijmegen Lent,PNNL,6
8400472,Nijverdal,Nijverdal,ONNVD,6
8004437,Niklashausen,Niklashausen,TNK,6
8007294,Nimburg(Baden),Nimburg(Baden),RNIM,6
8601692,Noerre Nebel st,Noerre Nebel st,XDNN,6
8601699,Noerreport st,Noerreport st,XDNP,6
8270800,Noertzange,Noertzange,XLNZ,6
8701673,Nogent-le-Rotrou,Nogent-le-Rotrou,XFNR,6
8700436,Noisy-le-Sec,Noisy-le-Sec,XFNO,6
8821105,Noorderkempen,Noorderkempen,PBIKY,6
8079027,Norderstedt Mitte,Norderstedt Mitte,ANDM,6
8004455,Nordhalben Bf,Nordhalben Bf,NNOH,6
8070777,Nordhausen Bahnhofsplatz,Nordhausen Bahnhofsplatz,LNHNB,6
8070732,Nordhausen Hesseröder Straße,Nordhausen Hesseröder Straße,LNHH,6
8017020,Nordhausen Nord,Nordhausen Nord,LNHN,6
8070733,Nordhausen Ricarda-Huch-Straße,Nordhausen Ricarda-Huch-Straße,LNHR,6
8070902,Nordhausen Schurzfell,Nordhausen Schurzfell,LNHKS,6
8017018,Nordhausen-Altentor,Nordhausen-Altentor,LNHA,6
8017019,Nordhausen-Krimderode,Nordhausen-Krimderode,LNHK,6
8071974,Nordheim v. d. Rhön,Nordheim v. d. Rhön,NNOR,6
8004467,Nordhorn,Nordhorn,HNDH,6
8004465,Nordhorn-Blanke,Nordhorn-Blanke,HNDB,6
8007116,Nordsode,Nordsode,ANDS,6
7400007,Norrköping Central,Norrköping Central,XVNC,2
8012517,Nossentin,Nossentin,WNOS,6
8702410,Notre-Dame-de-Briancon,Notre-Dame-de-Briancon,XFNDB,6
7800008,Nova Gradiska,Nova Gradiska,XRNG,6
7800046,Nova Kapela,Nova Kapela,XRNK,6
5400226,Nova Role,Nova Role,XTNR,6
5400240,Nova Role zastavka,Nova Role zastavka,XTNRZ,6
5402177,Nova Ves u Krimova,Nova Ves u Krimova,XTNVK,6
5400236,Nove Hamry,Nove Hamry,XTNH,6
5402191,Nove Ouholice,Nove Ouholice,OTNOL,6
5600025,Nove Zamky,Nove Zamky,XYNZ,6
8701695,Noveant,Noveant,XFNV,6
5402196,Novina,Novina,XTNOV,6
7800009,Novska,Novska,XRNV,6
5400260,Novy Bor,Novy Bor,XTNB,6
5401350,Nová Hut v Luzických horách,Nová Hut v Luzických horách,XTNHL,6
5102459,Nowogrod Bobrzanski,Nowogrod Bobrzanski,OPNOB,6
5102494,Nowogrod Osiedle,Nowogrod Osiedle,OPNWD,6
8700247,Noyon,Noyon,XFNY,6
8400466,Nunspeet,Nunspeet,ONNU,6
8400467,Nuth,Nuth,ONNUT,6
8070668,Nußberg-Schönau,Nußberg-Schönau,NNBS,6
8601739,Nyborg st,Nyborg st,XDNY,6
5500061,Nyiregyhaza,Nyiregyhaza,XMNH,6
8601745,Nykoebing F st,Nykoebing F st,XDNK,6
5400149,Nymburk hl.n.,Nymburk hl.n.,XTN,2
8501030,Nyon,Nyon,OSNY,6
5400215,Nyrsko,Nyrsko,OTNK,6
7400017,Nässjö Central,Nässjö Central,XVN,2
8700151,Nîmes,Nîmes,XFNI,6
8770397,Nîmes Pont du Gard,Nîmes Pont du Gard,PFNPG,6
8071257,Nörvenich-Binsfeld,Nörvenich-Binsfeld,KBIF,6
8004371,Nörvenich-Rommelsheim,Nörvenich-Rommelsheim,KRO,6
8098493,Nürnberg Frankenstadion Sonderbahnsteig,Nürnberg Frankenstadion Sonderbahnsteig,NND,6
8070729,Nürnberg Rothenburger Str.,Nürnberg Rothenburger Str.,PQNRS,6
8090021,Nürtingen-Roßdorf,Nürtingen-Roßdorf,TNU R,6
8090020,Nürtingen-Vorstadt,Nürtingen-Vorstadt,TNUV,6
8007055,Nützen,Nützen,ANTZ,6
8101289,Nüziders,Nüziders,OANU,6
8007002,Oberachern,Oberachern,ROA,6
8007003,Oberachern Bindfadenfabrik,Oberachern Bindfadenfabrik,ROAB,6
8102006,Oberalm,Oberalm,XAOA,6
303354,Oberbarmen Bahnhof - Wuppertal,Oberbarmen Bahnhof - Wuppertal,D303354,6
8508080,Oberburg,Oberburg,XSOG,6
8012518,Obercarsdorf,Obercarsdorf,DOCA,6
8079078,Oberderdingen-Flehingen,Oberderdingen-Flehingen,ROBE,6
8004526,Oberelsungen,Oberelsungen,FOSN,6
8007437,Obergimpern,Obergimpern,ROGI,6
8503312,Oberglatt ZH,Oberglatt ZH,XSOB,6
8007105,Oberharmersbach Dorf,Oberharmersbach Dorf,ROHD,6
8007106,Oberharmersbach-Riersbach,Oberharmersbach-Riersbach,ROHR,6
8012525,Oberhof(Thür),Oberhof(Thür),UOF,6
8102053,Oberhofen im Inntal,Oberhofen im Inntal,XAOB,6
8101332,Oberhofen-Zell am Moos,Oberhofen-Zell am Moos,OAOZM,6
8270820,Oberkorn,Oberkorn,XLOK,6
8007331,Oberkrozingen,Oberkrozingen,ROK,6
8007823,Obermaubach,Obermaubach,KOM,6
8700400,Obermodern,Obermodern,XFOM,6
8004558,Obernau,Obernau,NOBN,6
8100442,Obernberg-Altheim,Obernberg-Altheim,XAOM,6
8004560,Obernburg-Elsenfeld,Obernburg-Elsenfeld,NOE,6
8101792,Oberndorf in Tirol,Oberndorf in Tirol,OAWOB,6
8004564,Oberndorf(Wittgenstein),Oberndorf(Wittgenstein),EOBW,6
8012529,Oberneuschönberg,Oberneuschönberg,DOBN,6
8503203,Oberrieden(CH),Oberrieden(CH),XSOR,6
8509400,Oberriet SG,Oberriet SG,XSOT,6
8007290,Oberrotweil,Oberrotweil,ROBL,6
8101325,Obertrattnach-Markt Hofkirchen,Obertrattnach-Markt Hofkirchen,OAOTM,6
8004594,Obertsrot,Obertsrot,ROT,6
8012542,Oberweißbach-Deesbach,Oberweißbach-Deesbach,UOW,6
8070507,Oberzissen,Oberzissen,KOZS,6
8007141,Oberöwisheim,Oberöwisheim,ROOE,6
8070803,Obing,Obing,MOBG,6
5100182,Oborniki Slaskie,Oborniki Slaskie,XPOBS,6
8800427,Obourg,Obourg,XBOB,6
5400153,Obrnice,Obrnice,XTOBR,6
8010260,Obstfelderschmiede,Obstfelderschmiede,UOFM,6
8079093,Ochsenhausen,Ochsenhausen,TOC,6
8007138,Odenheim Bf,Odenheim Bf,RODH,6
8070099,Odenheim West,Odenheim West,RODW,6
8601770,Odense st,Odense st,XDOD,6
8601786,Oelgod st,Oelgod st,XDOG,6
8017408,Oelsnitz Bahnhofstraße,Oelsnitz Bahnhofstraße,DOE B,6
8007810,Oerel,Oerel,AOE,6
8601560,Oerestad st,Oerestad st,XDKHO,6
8701714,Oermingen,Oermingen,XFOE,6
8004628,Oesede,Oesede,HOES,6
8601878,Oesterport st,Oesterport st,XDOP,6
8270830,Oetrange,Oetrange,XLOE,6
8070508,Oettingen(Bay),Oettingen(Bay),MOET,6
8070509,Offenhausen,Offenhausen,TOFS,6
8101308,Oftering,Oftering,OAOF,6
8400482,Oisterwijk,Oisterwijk,ONOI,6
5402223,Okna,Okna,XTOKN,6
5102557,Okraglica,Okraglica,OPOKR,6
8601780,Oksboel st,Oksboel st,XDOB,6
8012558,Olbernhau,Olbernhau,DOL,6
8012571,Olbernhau West,Olbernhau West,DOLW,6
8012559,Olbernhau-Grünthal,Olbernhau-Grünthal,DOGT,6
8012560,Olbersdorf Niederdorf,Olbersdorf Niederdorf,DODN,6
8012561,Olbersdorf Oberdorf,Olbersdorf Oberdorf,DODO,6
8012562,Olbersleben-Ellersleben,Olbersleben-Ellersleben,UOL,6
5400155,Olbramovice,Olbramovice,OTOL,6
8400483,Oldenzaal,Oldenzaal,XNOD,6
8800605,Olen(Belgien),Olen(Belgien),XBOL,6
8300467,Olivetta-S. Michele,Olivetta-S. Michele,XIOM,6
5402243,Olovi,Olovi,XTOV,6
8400486,Olst(NL),Olst(NL),ONOL,6
5102567,Olszyna Lubanska,Olszyna Lubanska,OPOLL,6
8500218,Olten,Olten,XSOL,6
5402247,Omlenice,Omlenice,OTOML,6
8400487,Ommen,Ommen,XNOM,6
8700267,Onville,Onville,XFO,6
8800030,Oostende,Oostende,XBO,6
8400489,Oosterbeek,Oosterbeek,ONOB,6
7800002,Opatija Matulji,Opatija Matulji,XROM,6
8503340,Opfikon,Opfikon,XSZP,6
8400494,Opheusden,Opheusden,ONOP,6
430010,Opladen Bahnhof - Leverkusen,Opladen Bahnhof - Leverkusen,D430010,6
5402260,Opocno u Loun,Opocno u Loun,XTOPL,6
5104744,Opoczno Poludnie,Opoczno Poludnie,XPOPP,6
5100046,Opole Glowne,Opole Glowne,XPO,6
8506185,Oppikon,Oppikon,XSOP,6
8800150,Opwijk,Opwijk,XBOW,6
8300123,Ora/Auer,Ora/Auer,XIOA,6
8700433,Orange(Avignon),Orange(Avignon),XFOR,6
8012564,Oranienbaum(Anh),Oranienbaum(Anh),LOR,6
8089197,Oranienburg (S),Oranienburg (S),BORB,6
8700403,Orchies,Orchies,XFOC,6
8700404,Orléans,Orléans,XFOL,6
8070686,Oschatz Körnerstr,Oschatz Körnerstr,DOT K,6
8070685,Oschatz Lichtstr,Oschatz Lichtstr,DOT L,6
8070688,Oschatz Südbf,Oschatz Südbf,DOTS,6
5402267,Osek,Osek,OTOSK,6
5402268,Osek mesto,Osek mesto,XTOSM,6
8004690,Osnabrück-Sutthausen,Osnabrück-Sutthausen,HSUN,6
8400495,Oss,Oss,XNO,6
8400496,Oss West,Oss West,ONOSW,6
5402280,Ostasov,Ostasov,XTOST,6
218634,Ostbahnhof - Ratingen,Ostbahnhof - Ratingen,D218634,6
721651,Ostendstraße - Karlsruhe,Ostendstraße - Karlsruhe,RKOX,6
8507002,Ostermundigen,Ostermundigen,XSOM,6
8070214,Ostersode,Ostersode,AOSD,6
8017021,Osterteich,Osterteich,LOT,6
8004711,Ostheim v Rhön,Ostheim v Rhön,NOMR,6
8070628,Ostrach Bahnhof,Ostrach Bahnhof,TOR,6
5400026,Ostrava hl.n.,Ostrava hl.n.,XTOH,2
5402286,Ostrava-Svinov,Ostrava-Svinov,XTOI,6
8012585,Ostseebad Kühlungsborn Mitte,Ostseebad Kühlungsborn Mitte,WKBM,6
8012586,Ostseebad Kühlungsborn Ost,Ostseebad Kühlungsborn Ost,WKBO,6
8012587,Ostseebad Kühlungsborn West,Ostseebad Kühlungsborn West,WKBW,6
5100048,Oswiecim,Oswiecim,XPOM,6
8502105,Othmarsingen,Othmarsingen,XSOS,6
5400159,Otrokovice,Otrokovice,OTOT,6
8004722,Ottenau,Ottenau,ROTU,6
8007006,Ottenhöfen,Ottenhöfen,ROTT,6
8007015,Ottenhöfen West,Ottenhöfen West,ROTW,6
8800138,Ottignies,Ottignies,XBOT,6
8004730,Otting,Otting,MOTG,6
371022,Otto-Sachs-Straße - Karlsruhe,Otto-Sachs-Straße - Karlsruhe,PQKOS,6
8004732,Ottobeuren,Ottobeuren,MOTB,6
8004738,Otzing,Otzing,NOZ,6
8400498,Oudenbosch,Oudenbosch,ONOU,6
8300010,Oulx-Cesana-Claviere-Sestriere,Oulx-Cesana-Claviere-Sestriere,OIOC,6
8601898,Outrup st,Outrup st,XDOU,6
8400501,Overveen,Overveen,XNOV,6
8601899,Padborg st,Padborg st,XDPA,6
8300098,Padova,Padova,XIPP,6
8700276,Pagny-sur-Moselle,Pagny-sur-Moselle,XFPS,6
8300967,Palmanova,Palmanova,XIPAM,6
8100543,Pama,Pama,OAPAM,6
8100448,Pamhagen,Pamhagen,OAPA,6
5402315,Pansky,Pansky,XTPAN,6
8704174,Pantin,Pantin,XFPAN,6
714299,Papierfabrik - Kaufungen,Papierfabrik - Kaufungen,FPAPK,6
8505301,Paradiso(CH),Paradiso(CH),OSLUP,6
5453644,Pardubice centrum,Pardubice centrum,PTPCU,6
5400161,Pardubice hl.n.,Pardubice hl.n.,XTPAR,2
5402678,Pardubice-Rosice nad Labem,Pardubice-Rosice nad Labem,OTRSL,6
8700010,Paris Austerlitz,Paris Austerlitz,XFPA,6
8700011,Paris Est,Paris Est,XFPO,6
8700012,Paris Gare de Lyon,Paris Gare de Lyon,XFPG,1
8700013,Paris Montparnasse,Paris Montparnasse,XFPMP,6
8700014,Paris Nord,Paris Nord,XFPN,1
8700015,Paris St Lazare,Paris St Lazare,XFPSL,1
836174,Pariser Platz/St.Paulus Malstatt - Saarbrücken,Pariser Platz/St.Paulus Malstatt - Saarbrücken,PQSMP,6
8300215,Parma(I),Parma(I),XIPM,6
8101335,Parndorf,Parndorf,XAPD,6
8100515,Parndorf Ort,Parndorf Ort,OAPO,6
8101389,Pasching,Pasching,OAPSG,6
8012612,Passow(Meckl),Passow(Meckl),WPAW,6
8100086,Paternion-Feistritz Bahnhst,Paternion-Feistritz Bahnhst,XAPT,6
8070665,Patersdorf,Patersdorf,NPAD,6
8101337,Patsch,Patsch,XAPA,6
8700106,Pau,Pau,XFPU,6
8300049,Pavia,Pavia,XIPVI,6
8100027,Payerbach-Reichenau,Payerbach-Reichenau,OAP,6
8012617,Peenemünde,Peenemünde,WPD,6
8100034,Peggau-Deutschfeistritz,Peggau-Deutschfeistritz,XAPG,6
8701810,Peltre,Peltre,XFPTE,6
8013488,Penig,Penig,DPE,6
8800178,Pepinster,Pepinster,XBP,6
8800588,Pepinster-Cité,Pepinster-Cité,XBPC,6
8372315,Perca-Plan de Corones/Percha-Kronplatz,Perca-Plan de Corones/Percha-Kronplatz,PIPP,6
8700405,Perigueux,Perigueux,XFPGX,6
5400232,Pernink,Pernink,XTPEK,6
8700164,Perpignan,Perpignan,XFPE,6
8701797,Perrignier,Perrignier,OFPRG,6
5402342,Pertoltice pod Ralskem,Pertoltice pod Ralskem,XTPPR,6
8300216,Pesaro,Pesaro,XIPE,6
8300124,Peschiera del Garda,Peschiera del Garda,XIPDG,6
7900171,Pesnica,Pesnica,OJPEN,6
8200930,Petange,Petange,XLP,6
8101399,Peterskirchen,Peterskirchen,XAPK,6
8701817,Petit Croix,Petit Croix,XFPTC,6
5402353,Petrovice nad Uhlavo,Petrovice nad Uhlavo,OTPDU,6
8012633,Pfaffenhain,Pfaffenhain,DPFH,6
8101351,Pfaffenschwendt,Pfaffenschwendt,OAPFS,6
8200102,Pfaffenthal-Kirchberg,Pfaffenthal-Kirchberg,XLPK,6
8004786,Pfarrkirchen,Pfarrkirchen,MPKI,6
8101353,Pfarrwerfen,Pfarrwerfen,XAPFW,6
8026355,Pfettrach,Pfettrach,MPFT,6
8100556,Pflach,Pflach,XAPL,6
8004804,Pforzheim Maihälden,Pforzheim Maihälden,TPHM,6
8004802,Pfraundorf(Inn),Pfraundorf(Inn),MPFR,6
8070630,Pfullendorf,Pfullendorf,TPU,6
8503209,Pfäffikon SZ,Pfäffikon SZ,XSPF,6
8004778,Pfäffingen,Pfäffingen,TPG,6
721660,Philipp-Reis-Straße - Karlsruhe,Philipp-Reis-Straße - Karlsruhe,PQKPS,6
8012634,Philippshagen,Philippshagen,WPH,6
372045,Philippstraße - Karlsruhe,Philippstraße - Karlsruhe,PQKEP,6
8300230,Piacenza,Piacenza,XIPZ,6
8101356,Pichl b.Schladming,Pichl b.Schladming,XAPC,6
5102756,Piensk,Piensk,XPPN,6
5402359,Pilinkov,Pilinkov,OTPIK,6
8100524,Pill-Vomperbach,Pill-Vomperbach,XAPV,6
8100186,Pinggau Markt,Pinggau Markt,OAPG,6
8505409,Pino transito,Pino transito,XSXPT,6
8300914,Pino-Tronzano,Pino-Tronzano,OIPTZ,6
8300169,Pisa Centrale,Pisa Centrale,XIPI,2
5400163,Pisek,Pisek,OTPS,6
5402366,Pitin zast.,Pitin zast.,OTPZA,6
8072764,Pittenhart,Pittenhart,MPTH,6
7900011,Pivka,Pivka,XZPV,6
5402369,Plana nad Luznici,Plana nad Luznici,OTPLL,6
8101367,Platt,Platt,OAPLT,6
713056,Platz der Deutschen Einheit - Kassel,Platz der Deutschen Einheit - Kassel,FKPDE,6
8012644,Plau am See Bahnhof,Plau am See Bahnhof,WPU,6
8013463,Plauen(V) unt Bf,Plauen(V) unt Bf,DPU,6
5402379,Plavy,Plavy,XTPLY,6
5402380,Plesna(CZ),Plesna(CZ),XTPLA,6
5102801,Pliszka,Pliszka,OPPLI,6
5300006,Ploiesti Vest,Ploiesti Vest,XUPV,6
5400012,Plzen hl.n.,Plzen hl.n.,XTPZ,2
5402390,Plzen zast.,Plzen zast.,OTPZZ,6
5402393,Plzen-Doudlevce,Plzen-Doudlevce,OTPDV,6
8010277,Pockau-Lengefeld,Pockau-Lengefeld,DPF,6
8004845,Pocking,Pocking,MPKG,6
5400029,Podebrady,Podebrady,OTPB,6
8004850,Pogeez,Pogeez,APOF,6
8700066,Poitiers,Poitiers,XFPT,6
7900185,Poljcane,Poljcane,OJPOJ,6
5465000,Pomezi nad Ohri,Pomezi nad Ohri,XTPI,6
8701779,Pompey,Pompey,OFPMY,6
8700367,Pont St Vincent,Pont St Vincent,XFPV,6
8501013,Pont-Céard,Pont-Céard,OSPOC,6
8701786,Pont-Ste-Maxence,Pont-Ste-Maxence,XFPXE,6
8700366,Pont-a-Mousson,Pont-a-Mousson,XFPM,6
8700515,Pont-de-Bois,Pont-de-Bois,OFPDB,6
8700406,Pontarlier,Pontarlier,OFPON,6
8300125,Ponte Gardena-Laion/Waidbruck-Lajen,Ponte Gardena-Laion/Waidbruck-Lajen,XIPW,6
8300108,Pontebba,Pontebba,OIPOT,6
8509255,Pontresina,Pontresina,XSPT,6
5402455,Popov,Popov,OTPPV,6
5402457,Popovice u Uh.Hradiste,Popovice u Uh.Hradiste,OTPUH,6
5600013,Poprad-Tatry,Poprad-Tatry,XYPT,6
8300110,Pordenone,Pordenone,XIPD,6
8500126,Porrentruy,Porrentruy,OSPOR,6
7100079,Port Bou,Port Bou,XEPB,6
8700165,Port Vendres Ville,Port Vendres Ville,XFPR,6
8700490,Port-la-Nouvelle,Port-la-Nouvelle,OFPOV,6
8012665,Posewald,Posewald,WPOW,6
7900012,Postojna,Postojna,XZPJ,6
721020,Poststraße - Karlsruhe,Poststraße - Karlsruhe,PQKAO,6
8080530,Potsdam Griebnitzsee (S),Potsdam Griebnitzsee (S),BGRI,6
8089184,Potsdam Hbf (S),Potsdam Hbf (S),BPDH,2
8101390,Pottschach,Pottschach,OAPSH,6
5400224,Potucky,Potucky,XTPO,6
5400230,Potucky zastavka,Potucky zastavka,XTPOZ,6
8704301,Pougues les Eaux,Pougues les Eaux,XFPSU,6
8800177,Poulseur,Poulseur,XBPS,6
5402481,Povrly,Povrly,OTPRY,6
5402482,Povrly-Roztoky,Povrly-Roztoky,OTPYR,6
5100081,Poznan Glowny,Poznan Glowny,XPPG,2
7900007,Pragersko,Pragersko,XZPRK,6
5400014,Praha hl.n.,Praha hl.n.,XTP,1
5402492,Praha-Cakovice,Praha-Cakovice,OTPIC,6
5400201,Praha-Holesovice,Praha-Holesovice,XTPH,6
5403680,Praha-Holesovice zastavka,Praha-Holesovice zastavka,OTPHX,6
5402498,Praha-Hostivar,Praha-Hostivar,XTPHO,6
5400130,Praha-Liben,Praha-Liben,XTPL,6
5457027,Praha-Podbaba,Praha-Podbaba,XTPPO,6
5402511,Praha-Sedlec,Praha-Sedlec,XTPSE,6
5400204,Praha-Smichov,Praha-Smichov,XTPM,6
5400275,Praha-Vrsovice,Praha-Vrsovice,XTPV,6
5400171,Praha-Vysocany,Praha-Vysocany,XTPRV,6
5457279,Praha-Zahradni Mesto,Praha-Zahradni Mesto,XTPZM,6
8100526,Pram-Haag,Pram-Haag,XAPM,6
8500021,Pratteln,Pratteln,XSPR,6
5300069,Predeal,Predeal,XUP,6
8100528,Pregarten,Pregarten,XAPR,6
5400016,Prerov,Prerov,XTPR,6
5400216,Prestice,Prestice,OTPT,6
5400265,Prestice-Zastavka,Prestice-Zastavka,OTPTZ,6
8010283,Pretzsch,Pretzsch,LPH,6
5400278,Pribram,Pribram,OTPM,6
8704920,Pringy Haute Savoie,Pringy Haute Savoie,OFPHS,6
8101387,Prinzersdorf,Prinzersdorf,XAPRD,6
8074703,Pritzwalk Hainholz,Pritzwalk Hainholz,WPRH,6
8017347,Pritzwalk West,Pritzwalk West,WPRW,6
5402542,Probostov,Probostov,OTPBT,6
8007318,Probsteierhagen,Probsteierhagen,APSH,6
8800532,Profondsart,Profondsart,XBPO,6
8070858,Prosselsheim,Prosselsheim,NPM,6
5400172,Protivin,Protivin,OTPR,6
5402553,Protivin zast.,Protivin zast.,OTPTT,6
8101386,Pruggern,Pruggern,OAPRU,6
5102707,Przedmoscie Swiete,Przedmoscie Swiete,XPPZS,6
5100234,Przemysl Glowny,Przemysl Glowny,XPPRZ,2
5102825,Przemysl Zasanie,Przemysl Zasanie,XPPMZ,6
5100195,Przeworsk,Przeworsk,XPPZ,6
5403681,Psenice,Psenice,OTPSX,6
5102920,Pszczyna,Pszczyna,OPPSY,6
8102054,Puch b.Hallein Urstein,Puch b.Hallein Urstein,PAWIV,6
8101406,Puch bei Hallein,Puch bei Hallein,XAPO,6
8101405,Pulgarn,Pulgarn,OAPUL,6
8400508,Purmerend,Purmerend,ONPU,6
8400506,Purmerend Overwhere,Purmerend Overwhere,ONPUO,6
8400046,Purmerend Weidevenne,Purmerend Weidevenne,PNABD,6
8101373,Pusarnitz,Pusarnitz,XAPZ,6
8010401,Putbus,Putbus,WPUB,6
5402591,Putim,Putim,OTPTN,6
8400509,Putten,Putten,ONPT,6
8800316,Puurs,Puurs,XBPU,6
8100006,Pöchlarn,Pöchlarn,XAPN,6
8012655,Pöllwitz,Pöllwitz,UPW,6
8101377,Pöndorf,Pöndorf,OAPON,6
8100080,Pörtschach am Wörther See,Pörtschach am Wörther See,XAPW,6
8100531,Pürbach-Schrems,Pürbach-Schrems,OAPBS,6
5500055,Püspökladany,Püspökladany,XMPLK,6
8505405,Quartino,Quartino,OSQ,6
8012690,Quedlinburg-Quarmbeck,Quedlinburg-Quarmbeck,LQQ,6
8004912,Quendorf,Quendorf,HQDF,6
8800026,Quevy,Quevy,XBQ,6
8007049,Quickborn,Quickborn,AQB,6
8007064,Quickborn Süd,Quickborn Süd,AQBD,6
8079028,Quickborner Straße,Quickborner Straße,AQBS,6
8700208,Quimper,Quimper,XFQ,6
8100193,Raaba,Raaba,XAMD,6
8400513,Raalte,Raalte,ONRA,6
8012694,Rabenau,Rabenau,DRAB,6
8101416,Rabensburg,Rabensburg,OARAB,6
5100263,Raciborz,Raciborz,XPRA,6
8012696,Rackith(Elbe),Rackith(Elbe),LRAK,6
8012702,Radeburg,Radeburg,DRDB,6
734593,Radensleben Dorf - Neuruppin,Radensleben Dorf - Neuruppin,WRDND,6
5402602,Radlo,Radlo,OTRAO,6
5103063,Radnica,Radnica,OPRDN,6
8100138,Radstadt,Radstadt,XARA,6
5103068,Radymno,Radymno,XPRYO,6
8004918,Raestrup-Everswinkel,Raestrup-Everswinkel,ERAE,6
8503404,Rafz,Rafz,XSRF,6
5402625,Rakovnik,Rakovnik,XTR,6
8004928,Ramerberg,Ramerberg,MRMB,6
8070520,Rangendingen,Rangendingen,TRGD,6
8704345,Ranguin,Ranguin,OFRSB,6
8100119,Rankweil,Rankweil,XARW,6
8505408,Ranzo-S. Abbondio,Ranzo-S. Abbondio,XSRZ,6
8300178,Rapallo,Rapallo,XIRAP,6
8004944,Rastatt Beinle,Rastatt Beinle,RRAB,6
837878,Rastpfuhl Malstatt - Saarbrücken,Rastpfuhl Malstatt - Saarbrücken,PQSMR,6
5103168,Raszowka,Raszowka,OPRSZ,6
366210,Rath Mitte S-Bahnhof - Düsseldorf,Rath Mitte S-Bahnhof - Düsseldorf,D366210,6
653774,Rath S-Bahnhof - Düsseldorf,Rath S-Bahnhof - Düsseldorf,D653774,6
712896,Rathaus - Kassel,Rathaus - Kassel,FKRAT,6
837116,Rathaus - Riegelsberg,Rathaus - Riegelsberg,PQRR,6
716122,Rathaus/Fünffensterstraße - Kassel,Rathaus/Fünffensterstraße - Kassel,FKRFF,6
5501125,Ratot,Ratot,OMRTO,6
8100465,Rattenberg-Kramsach,Rattenberg-Kramsach,XARK,6
8004961,Raumünzach,Raumünzach,RRMZ,6
8400515,Ravenstein,Ravenstein,ONRAV,6
5100202,Rawicz,Rawicz,XPRAW,6
8302806,Re(I),Re(I),XIREC,6
5103044,Rebiszow,Rebiszow,OPRBI,6
8506318,Rebstein-Marbach,Rebstein-Marbach,XSRM,6
8017220,Rechenberg Schule,Rechenberg Schule,DRBS,6
8004968,Rechtenstein,Rechtenstein,TRC,6
8101428,Redl-Zipf,Redl-Zipf,OARED,6
8300220,Reggio Emilia,Reggio Emilia,XIRE,6
201401,Reichenbach Kurpark - Waldbronn,Reichenbach Kurpark - Waldbronn,PQWRK,6
8507480,Reichenbach im Kandertal,Reichenbach im Kandertal,XSRC,6
8007012,Reichenbach(b. Ettlingen),Reichenbach(b. Ettlingen),RRBA,6
8503223,Reichenburg,Reichenburg,XSRE,6
8005010,Reichertshofen(Schwab) Bf,Reichertshofen(Schwab) Bf,MRFS,6
8005011,Reicholzheim,Reicholzheim,TRL,6
8012740,Reifland-Wünschendorf,Reifland-Wünschendorf,DRF,6
8704352,Reignier,Reignier,OFRYR,6
8700081,Reims,Reims,XFRS,6
8079094,Reinstetten,Reinstetten,TRTT,6
8100112,Reith b.Seefeld,Reith b.Seefeld,XARE,6
8601964,Rejsby st,Rejsby st,XDRE,6
8101432,Rekawinkel,Rekawinkel,XARWL,6
8503408,Rekingen AG,Rekingen AG,XSRN,6
8701879,Remiremont,Remiremont,XFRT,6
8501118,Renens VD,Renens VD,OSRNV,6
8700025,Rennes,Rennes,XFR,6
8012749,Rennsteig,Rennsteig,UREN,6
5501132,Repcelak,Repcelak,OMRPC,6
5402744,Retenice,Retenice,XTRE,6
8100469,Retz,Retz,XAREZ,6
8100115,Reutte in Tirol,Reutte in Tirol,XART,6
8101912,Reutte in Tirol Schulzentrum,Reutte in Tirol Schulzentrum,XARTS,6
8400518,Reuver,Reuver,ONRE,6
5402747,Rez,Rez,OTREZ,6
8400519,Rheden(NL),Rheden(NL),ONRH,6
8506313,Rheineck,Rheineck,XSRH,6
8500301,Rheinfelden(CH),Rheinfelden(CH),XSRD,6
362371,Rheinhafen - Karlsruhe,Rheinhafen - Karlsruhe,PQKRE,6
723923,Rheinhafenstraße - Karlsruhe,Rheinhafenstraße - Karlsruhe,RKRHS,6
8012760,Rheinsberg(Mark),Rheinsberg(Mark),WRH,6
8400517,Rhenen,Rhenen,ONRHN,6
8309660,Rho-Fiera Milano,Rho-Fiera Milano,PIQEP,6
8505412,Riazzino,Riazzino,PSDRK,6
8601972,Ribe Noerremark st,Ribe Noerremark st,XDRBN,6
8601971,Ribe st,Ribe st,XDRB,6
8087031,Ribnitz-Damgarten Ost Friedhof,Ribnitz-Damgarten Ost Friedhof,WRIOR,6
8087032,Ribnitz-Damgarten West (Bahnhofsvorplatz),Ribnitz-Damgarten West (Bahnhofsvorplatz),WRI B,6
8300225,Riccione,Riccione,XIRN,6
325018,Richtenberger Str. - Ribnitz-Damgarten,Richtenberger Str. - Ribnitz-Damgarten,D325018,6
8503207,Richterswil,Richterswil,XSRW,6
8100405,Ried im Innkreis,Ried im Innkreis,XARI,6
8100407,Riedau,Riedau,OARI,6
8007284,Riegel am Kaiserstuhl Ort,Riegel am Kaiserstuhl Ort,RROP,6
8007299,Riegel-Malterdingen (SWEG),Riegel-Malterdingen (SWEG),RRP,6
839562,Riegelsberg Süd - Riegelsberg,Riegelsberg Süd - Riegelsberg,PQRS,6
839563,Riegelsberghalle - Riegelsberg,Riegelsberghalle - Riegelsberg,PQRRH,6
8005091,Riehen,Riehen,RRIE,6
8005093,Riehen Niederholz,Riehen Niederholz,RRID,6
7179106,Riells-Viabrea-Breda,Riells-Viabrea-Breda,PEASS,6
8085385,Rieseby Schleibrücke Süd,Rieseby Schleibrücke Süd,ASBRS,6
8503410,Rietheim(CH),Rietheim(CH),OSRIT,6
8101457,Rietz in Tirol,Rietz in Tirol,XARZ,6
966907,Riffelriß - Grainau,Riffelriß - Grainau,MRFR,6
7800013,Rijeka,Rijeka,XRR,6
8400538,Rijssen,Rijssen,ONRIS,6
8400505,Rijswijk,Rijswijk,ONRIW,6
8400521,Rilland-Bath,Rilland-Bath,ONRIB,6
8300221,Rimini,Rimini,XIRI,6
8012768,Ringenwalde(Templin),Ringenwalde(Templin),WRIW,6
8601979,Ringsted st,Ringsted st,XDRI,6
8079059,Rinklingen,Rinklingen,RBTR,6
370404,Rintheim Sinsheimer Straße - Karlsruhe,Rintheim Sinsheimer Straße - Karlsruhe,PQKRN,6
8300428,Rio di Pusteria/Mühlbach,Rio di Pusteria/Mühlbach,XIRP,6
8005105,Rippberg,Rippberg,RRB,6
7179204,Riudellots,Riudellots,PEDTE,6
8800014,Rivage,Rivage,XBRV,6
8505216,Rivera-Bironico,Rivera-Bironico,XSRB,6
8700489,Rivesaltes,Rivesaltes,XFRV,6
8701910,Rixheim(Mulhouse),Rixheim(Mulhouse),OFRXM,6
8700094,Roanne,Roanne,XFROA,6
8302022,Robilante,Robilante,XIRL,6
8301989,Roccavione,Roccavione,XIROV,6
8800020,Rochefort-Jemelle,Rochefort-Jemelle,XBJ,6
8010298,Rochlitz(Sachs),Rochlitz(Sachs),DROC,6
8200940,Rodange,Rodange,XLRD,6
8601988,Roedby,Roedby,XDR,6
8601996,Roedekro st,Roedekro st,XDRD,6
8601999,Roedkaersbro st,Roedkaersbro st,XDRKB,6
8400523,Roermond,Roermond,XNRM,6
8700412,Roeschwoog,Roeschwoog,XFRSW,6
8506394,Roggwil-Berg,Roggwil-Berg,XSRO,6
8508101,Roggwil-Wynau,Roggwil-Wynau,XSRY,6
8100167,Rohr-Bad Hall,Rohr-Bad Hall,XARH,6
8101454,Rohr/Raab,Rohr/Raab,OARRH,6
8005145,Rohrbach(Oberbay),Rohrbach(Oberbay),MROH,6
8100183,Rohrbach-Vorau,Rohrbach-Vorau,OARV,6
8005148,Rohrdorf(Oberbay),Rohrdorf(Oberbay),MRDO,6
5103142,Rokitki,Rokitki,XPRKI,6
5400182,Rokycany,Rokycany,XTRO,6
8501033,Rolle,Rolle,OSROL,6
8300263,Roma Termini,Roma Termini,XIRM,2
8700414,Romans-Bourg-d-Peage,Romans-Bourg-d-Peage,OFRP,6
8506121,Romanshorn,Romanshorn,XSR,6
8506112,Romanshorn (See),Romanshorn (See),XSRHF,6
8700369,Rombas-Clouange,Rombas-Clouange,XFRO,6
8800155,Ronet,Ronet,XBRO,6
210401,Ronsdorf Bahnhof - Wuppertal,Ronsdorf Bahnhof - Wuppertal,D210401,6
8400525,Roodeschool,Roodeschool,ONRS,6
8270890,Roodt/Syre,Roodt/Syre,XLRT,6
8400526,Roosendaal,Roosendaal,XNRD,6
5103157,Ropczyce,Ropczyce,XPROP,6
8101448,Roppen,Roppen,XARP,6
8506311,Rorschach,Rorschach,XSRS,6
8506306,Rorschach Hafen,Rorschach Hafen,XSRSH,6
8506113,Rorschach Hafen (See),Rorschach Hafen (See),XSRSS,6
8100083,Rosenbach bei Villach,Rosenbach bei Villach,XARB,6
8005173,Rosenheim Hochschule,Rosenheim Hochschule,MROS,6
657862,Rosenhügel Bahnhof - Velbert,Rosenhügel Bahnhof - Velbert,D657862,6
8012792,Rosenwinkel,Rosenwinkel,WROW,6
8602026,Roskilde st,Roskilde st,XDRK,6
8400524,Rosmalen,Rosmalen,ONROS,6
8070961,Rostock Hbf Süd (Albrecht-Kossel-Platz),Rostock Hbf Süd (Albrecht-Kossel-Platz),WR  A,2
8012802,Rostock Seehafen Nord,Rostock Seehafen Nord,WRSN,6
8005179,Rot am See,Rot am See,TRS,6
5402682,Rotava,Rotava,XTRV,6
8070277,Rotenbach(Enz),Rotenbach(Enz),TRY,6
8502020,Rothenburg(CH) Station,Rothenburg(CH) Station,XSRTB,6
8503282,Rothenthurm(CH),Rothenthurm(CH),XSRTT,6
8508103,Rothrist,Rothrist,XSRR,6
8502202,Rotkreuz,Rotkreuz,XSRK,6
8005194,Rott(Inn),Rott(Inn),MRT,6
8400507,Rotterdam Alexander,Rotterdam Alexander,ONROA,6
8400529,Rotterdam Blaak,Rotterdam Blaak,ONRBL,6
8400530,Rotterdam Centraal,Rotterdam Centraal,XNRC,1
8400542,Rotterdam Lombardijen,Rotterdam Lombardijen,XNRL,6
8400531,Rotterdam Noord,Rotterdam Noord,PNRN,6
8400015,Rotterdam Stadion,Rotterdam Stadion,XNRS,6
8400533,Rotterdam Zuid,Rotterdam Zuid,ONROZ,6
8700236,Roubaix,Roubaix,OFRX,6
5400183,Roudnice nad Labem,Roudnice nad Labem,XTRN,6
8701862,Rouffach,Rouffach,XFROU,6
8300113,Rovereto,Rovereto,XIRR,6
5402699,Roztoky u Prahy,Roztoky u Prahy,XTROZ,6
5402700,Roztoky-Zalov,Roztoky-Zalov,OTRYZ,6
8005174,Roßberg,Roßberg,TROS,6
8007196,Rudersberg,Rudersberg,TRU,6
8070079,Rudersberg Nord,Rudersberg Nord,TRUN,6
8007625,Rudersberg-Oberndorf,Rudersberg-Oberndorf,TRUO,6
5100206,Rudna Gwizdanow,Rudna Gwizdanow,OPRGD,6
5103121,Rudna Miasto,Rudna Miasto,XPRUM,6
142020,Rudolf-Diesel-Straße - Schwerin (Meckl),Rudolf-Diesel-Straße - Schwerin (Meckl),D142020,6
8012821,Ruhlsdorf-Zerpenschleuse,Ruhlsdorf-Zerpenschleuse,BRUZ,6
8070664,Ruhmannsfelden,Ruhmannsfelden,NRUF,6
8005222,Ruhpolding,Ruhpolding,MRPD,6
8005223,Ruhstorf,Ruhstorf,MRUS,6
8800099,Ruisbroek-Sauvegarde,Ruisbroek-Sauvegarde,PBRUS,6
8100477,Rum b.Innsbruck,Rum b.Innsbruck,XARU,6
5400227,Rumburk,Rumburk,XTRU,6
8005228,Runding,Runding,NRUD,6
8502114,Rupperswil,Rupperswil,XSRP,6
8007886,Ruschberg,Ruschberg,SRUB,6
8007845,Ruschwedel,Ruschwedel,ARWD,6
5402723,Rusova,Rusova,XTRS,6
5103196,Ruszow,Ruszow,OPRUZ,6
8400537,Ruurlo,Ruurlo,ONRU,6
8602047,Ry st,Ry st,XDRY,6
5103213,Rybnica,Rybnica,OPRYI,6
5402728,Rybnik(CZ),Rybnik(CZ),OTRYB,6
5100262,Rybnik(PL),Rybnik(PL),OPRY,6
5400255,Rybniste,Rybniste,XTRY,6
5400186,Rychnov u Jablonec nad Nisou,Rychnov u Jablonec nad Nisou,OTRJ,6
5103218,Rynarcice,Rynarcice,PPRCE,6
5402736,Rynoltice,Rynoltice,XTRTB,6
5100082,Rzepin,Rzepin,XPR,6
5100090,Rzepin Miasto,Rzepin Miasto,PPRMO,6
5103231,Rzeszotary,Rzeszotary,OPRZE,6
5100229,Rzeszow Glowny,Rzeszow Glowny,XPRZ,2
8700452,Réding(F),Réding(F),XFRD,6
8701876,Rémelfing,Rémelfing,XFRF,6
8700169,Rémilly,Rémilly,XFRM,6
8070810,Röhrnbach,Röhrnbach,NRBH,6
836945,Römerkastell - Saarbrücken,Römerkastell - Saarbrücken,PQSR,6
8005135,Röt,Röt,RRT,6
8503415,Rümikon AG,Rümikon AG,OSRRU,6
8503311,Rümlang,Rümlang,XSRU,6
8070524,Rümmingen,Rümmingen,RRMM,6
722324,Rüppurr Battstraße - Karlsruhe,Rüppurr Battstraße - Karlsruhe,RRUB,6
722325,Rüppurr Ostendorfplatz - Karlsruhe,Rüppurr Ostendorfplatz - Karlsruhe,RRUO,6
722326,Rüppurr Tulpenstraße - Karlsruhe,Rüppurr Tulpenstraße - Karlsruhe,RRUT,6
140085,Rüppurrer Tor - Karlsruhe,Rüppurrer Tor - Karlsruhe,PQKRT,6
8503201,Rüschlikon,Rüschlikon,XSRL,6
8509401,Rüthi SG,Rüthi SG,XSRT,6
8505415,S. Antonino,S. Antonino,OSSAT,6
8505407,S. Nazzaro,S. Nazzaro,OSSNR,6
8300168,S.Margherita Ligure-Portofino,S.Margherita Ligure-Portofino,XISM,6
8007851,Saalburg(Taunus),Saalburg(Taunus),FSB,6
8100049,Saalfelden,Saalfelden,XASA,6
8012827,Saatel,Saatel,WSAA,6
8502100,Safenwil,Safenwil,XSSA,6
8700035,Saincaize,Saincaize,XFSZE,6
8800133,Saint Ghislain,Saint Ghislain,XBSG,6
8700418,Saintes,Saintes,XFSAS,6
8509402,Salez-Sennwald,Salez-Sennwald,XSSZ,6
8700441,Sallanches-Combloux-Megève,Sallanches-Combloux-Megève,OFSAC,6
8302197,Salorno/Salurn,Salorno/Salurn,OISSA,6
8701991,Salses(Perpignan),Salses(Perpignan),OFSLP,6
8101470,Salzburg Aigen,Salzburg Aigen,XASBA,6
8102048,Salzburg Aiglhof,Salzburg Aiglhof,XAAI,6
8100559,Salzburg Gnigl,Salzburg Gnigl,XASG,6
8100002,Salzburg Hbf,Salzburg Hbf,XASB,1
8101558,Salzburg Kasern,Salzburg Kasern,XASBK,6
8102063,Salzburg Liefering,Salzburg Liefering,XASLF,6
8102052,Salzburg Mülln-Altstadt,Salzburg Mülln-Altstadt,XAML,6
8101481,Salzburg Parsch,Salzburg Parsch,XASBP,6
8102055,Salzburg Sam,Salzburg Sam,XASSA,6
8101917,Salzburg Süd,Salzburg Süd,XASBS,6
8102045,Salzburg Taxham Europark,Salzburg Taxham Europark,XATX,6
8509251,Samedan,Samedan,XSSD,6
8503286,Samstagern,Samstagern,XSSMT,6
8300114,San Candido/Innichen,San Candido/Innichen,XISCI,6
7100468,San Celoni,San Celoni,OESCE,6
7179304,San Jordi (APD.),San Jordi (APD.),PEPST,6
8396239,San Lorenzo/St.Lorenzen,San Lorenzo/St.Lorenzen,PIHRH,6
7179306,San Miguel de Fluvia,San Miguel de Fluvia,PEDEK,6
8005285,Sanderbusch,Sanderbusch,HSAB,6
8012838,Sandersdorf(Bitterf),Sandersdorf(Bitterf),LSA,6
712612,Sandershäuser Straße - Kassel,Sandershäuser Straße - Kassel,FKBHH,6
8270930,Sandweiler-Contern,Sandweiler-Contern,XLSC,6
8070025,Sankt Augustin Zentrum,Sankt Augustin Zentrum,KB  M,6
8702039,Sanry-sur-Nied,Sanry-sur-Nied,XFSN,6
8400543,Santpoort Noord,Santpoort Noord,ONSN,6
8400544,Santpoort Zuid,Santpoort Zuid,ONSZ,6
5501151,Sap,Sap,OMSAP,6
7800067,Sapjane,Sapjane,XRSJ,6
8400545,Sappemeer Oost,Sappemeer Oost,XNSO,6
8509411,Sargans,Sargans,XSSR,6
8012842,Sarnow,Sarnow,WSAW,6
8700265,Sarrebourg,Sarrebourg,XFSB,6
8700439,Sarreguemines,Sarreguemines,XFSM,6
8700528,Sarreinsming,Sarreinsming,XFSI,6
8007287,Sasbach am Kaiserstuhl,Sasbach am Kaiserstuhl,RSAS,6
8400102,Sassenheim,Sassenheim,PNABS,6
8704456,Sathonay Rillieux,Sathonay Rillieux,XFSRI,6
5400228,Satov,Satov,OTSAT,6
8005297,Satteldorf,Satteldorf,TSAT,6
8077776,Sauldorf,Sauldorf,RSDO,6
8704969,Saumur Rive Droit,Saumur Rive Droit,XFSUD,6
8400547,Sauwerd,Sauwerd,ONSAU,6
8700266,Saverne,Saverne,XFSV,6
8100482,Schaan-Vaduz,Schaan-Vaduz,XASVZ,6
8800001,Schaerbeek,Schaerbeek,XBS,6
8503424,Schaffhausen,Schaffhausen,XSS,6
8100483,Schaftenau,Schaftenau,XASFU,6
8400549,Schagen,Schagen,ONSG,6
8005312,Schalchen,Schalchen,MSCA,6
8102068,Schalchen-Mattighofen,Schalchen-Mattighofen,XASMH,6
8007072,Schalkstetten,Schalkstetten,TSKS,6
8005319,Schameder,Schameder,ESCA,6
8012853,Scharfenstein,Scharfenstein,DSS,6
8100088,Scharnitz,Scharnitz,XAA,6
8005327,Schechen,Schechen,MSC,6
8400551,Scheemda,Scheemda,XNSE,6
8012859,Scheibenberg,Scheibenberg,DSG,6
713679,Scheidemannplatz - Kassel,Scheidemannplatz - Kassel,FKSMP,6
8824232,Schelle,Schelle,PBLLB,6
8400553,Schiedam Centrum,Schiedam Centrum,XNSC,6
8017022,Schierke,Schierke,LSCR,6
8070811,Schierling,Schierling,MSLG,6
8200630,Schifflange,Schifflange,XLSL,6
363040,Schillerstraße - Karlsruhe,Schillerstraße - Karlsruhe,PQKS,6
8007280,Schimborn,Schimborn,FSBN,6
8400555,Schin op Geul,Schin op Geul,ONSIG,6
8503285,Schindellegi-Feusisberg,Schindellegi-Feusisberg,XSSF,6
8400554,Schinnen,Schinnen,ONSI,6
8400561,Schiphol (Airport),Schiphol (Airport),XNSP,3
8100137,Schladming,Schladming,XASL,6
8007222,Schlatt(Hohenz),Schlatt(Hohenz),TSLT,6
8007195,Schlechtbach,Schlechtbach,TSLB,6
8101543,Schlins-Beschling,Schlins-Beschling,OASLN,6
721642,Schloss Gottesaue - Karlsruhe,Schloss Gottesaue - Karlsruhe,PQKGT,6
8100585,Schloss Haus,Schloss Haus,OASH,6
721435,Schloss Rüppurr - Karlsruhe,Schloss Rüppurr - Karlsruhe,RSRP,6
8100587,Schlöglmühl,Schlöglmühl,OASGM,6
8100584,Schlüßlberg,Schlüßlberg,OASBG,6
8010319,Schmachtenhagen,Schmachtenhagen,BSHN,6
8070974,Schmiechen Albbahn,Schmiechen Albbahn,TSHA,6
8012884,Schmiedeberg (Dresden),Schmiedeberg (Dresden),DSBG,6
8012885,Schmiedeberg-Naundorf,Schmiedeberg-Naundorf,DNAS,6
8012892,Schmollensee,Schmollensee,WSCM,6
8005386,Schneeberg im Odenwald,Schneeberg im Odenwald,NSCB,6
8007163,Schneidhain,Schneidhain,FSNH,6
8070670,Schnitzmühle,Schnitzmühle,NSNI,6
8007191,Schorndorf-Hammerschlag,Schorndorf-Hammerschlag,TSFH,6
8270960,Schouweiler,Schouweiler,XLSW,6
8005433,Schrozberg,Schrozberg,TSZG,6
8100117,Schruns,Schruns,XASN,6
306424,Schule - Spornitz,Schule - Spornitz,D306424,6
8800245,Schulen,Schulen,XBSU,6
835885,Schulzentrum - Heusweiler,Schulzentrum - Heusweiler,PQHWS,6
8007080,Schutzbach,Schutzbach,ESCT,6
8070156,Schwaigern Ost,Schwaigern Ost,TSWO,6
8005453,Schwaigern(Württ),Schwaigern(Württ),TSWG,6
8071002,Schwaigern(Württ) West,Schwaigern(Württ) West,TSWW,6
8100016,Schwanenstadt,Schwanenstadt,OASST,6
8101634,Schwarzach i Vorarl.,Schwarzach i Vorarl.,OASWV,6
8100044,Schwarzach-St.Veit,Schwarzach-St.Veit,XASW,6
8012937,Schwarzburg,Schwarzburg,USCG,6
8100199,Schwarzenau im Waldviertel,Schwarzenau im Waldviertel,OASZ,6
8006715,Schwarzenberg,Schwarzenberg,RSW,6
8012938,Schwarzenberg Hp,Schwarzenberg Hp,DSCH,6
8010323,Schwarzenberg(Erzg),Schwarzenberg(Erzg),DSC,6
8012939,Schwarzenberg-Neuwelt,Schwarzenberg-Neuwelt,DSCN,6
8100103,Schwaz,Schwaz,XASC,6
8100259,Schwechat,Schwechat,XAGS,6
8012949,Schwenzin,Schwenzin,WSWN,6
8071495,Schweppenburg-Heilbrunnen,Schweppenburg-Heilbrunnen,KSH,6
8070693,Schweta Bf,Schweta Bf,DSWOP,6
8070692,Schweta Gasth,Schweta Gasth,DSWO,6
8007326,Schwieberdingen,Schwieberdingen,TSBD,6
8070650,Schwindebeck,Schwindebeck,HSWB,6
8701943,Schwindratzheim,Schwindratzheim,XFSWM,6
8505006,Schwyz,Schwyz,XSSY,6
8100024,Schärding,Schärding,XASH,2
8007283,Schöllkrippen,Schöllkrippen,FSK,6
8072211,Schömberg Stausee,Schömberg Stausee,TSCS,6
8029359,Schömberg(b Balingen),Schömberg(b Balingen),TSCB,6
8133912,Schönau bei Litschau Dorfwirt,Schönau bei Litschau Dorfwirt,PAKPF,6
8070532,Schönberg(Holstein),Schönberg(Holstein),ASCB,6
8070533,Schönberger Strand,Schönberger Strand,ASCS,6
8100557,Schönbichl - Vils (A),Schönbichl - Vils (A),XASBL,6
8012910,Schönerlinde,Schönerlinde,BSL,6
8101545,Schönfeld-Lassee,Schönfeld-Lassee,OASLS,6
8007314,Schönkirchen Bf,Schönkirchen Bf,ASCK,6
8005409,Schönmünzach,Schönmünzach,RSOM,6
8081300,Schönwalde(Barnim),Schönwalde(Barnim),BSWH,6
8101629,Schönwies,Schönwies,XASCH,6
8503222,Schübelbach-Buttikon,Schübelbach-Buttikon,XSSBU,6
8509268,Scuol-Tarasp,Scuol-Tarasp,XSST,6
5100739,Sczawno-Ciemnice,Sczawno-Ciemnice,XPCI,6
8100179,Sebersdorf,Sebersdorf,OASB,6
5402772,Sebuzin,Sebuzin,XTSBZ,6
5402780,Sedlejovice,Sedlejovice,OTSEO,6
5103361,Sedzislaw,Sedzislaw,OPSEZ,6
5103349,Sedziszow Malopolski,Sedziszow Malopolski,XPSMI,6
8012962,Seebad Ahlbeck,Seebad Ahlbeck,WAB,6
8012963,Seebad Heringsdorf,Seebad Heringsdorf,WHF,6
8012964,Seebad Lubmin,Seebad Lubmin,WLM,6
8100113,Seefeld in Tirol,Seefeld in Tirol,XAS,6
8100426,Seekirchen am Wallersee,Seekirchen am Wallersee,XASK,6
8110427,Seekirchen/Wallersee Stadt,Seekirchen/Wallersee Stadt,D8110427,6
8012974,Seelvitz,Seelvitz,WSEV,6
8012976,Sehma,Sehma,DSEH,6
8005512,Seiboldsdorf,Seiboldsdorf,MSBD,6
8012977,Seifersdorf,Seifersdorf,DSFS,6
8012979,Seifhennersdorf,Seifhennersdorf,DSFH,6
8602117,Sejstrup st,Sejstrup st,XDSE,6
8007835,Selhausen,Selhausen,KSHS,6
8070859,Seligenstadt Mainschleifenbahn,Seligenstadt Mainschleifenbahn,NSLIM,6
8012983,Sellin(Rügen) Ost,Sellin(Rügen) Ost,WSIN,6
8070258,Sellin(Rügen) West,Sellin(Rügen) West,WSIW,6
8007811,Sellstedt,Sellstedt,ASLL,6
8700456,Seltz,Seltz,OFSEL,6
8100150,Selzthal,Selzthal,XASZ,6
5402790,Semily,Semily,OTSLY,6
8100028,Semmering,Semmering,XASEM,6
7900064,Sentilj,Sentilj,OJSEN,6
8012986,Serams,Serams,WSES,6
8300066,Seregno,Seregno,XISER,6
8300866,Sesto S. Giovanni,Sesto S. Giovanni,XISGI,6
8700099,Sete,Sete,XFSE,6
8509406,Sevelen,Sevelen,XSSV,6
7900018,Sevnica,Sevnica,XZSN,6
8700458,Seyssel-Corbonod,Seyssel-Corbonod,OFSYS,6
8101477,Siebenbrunn-Leopoldsdorf,Siebenbrunn-Leopoldsdorf,OASBL,6
8503221,Siebnen-Wangen,Siebnen-Wangen,XSSW,6
8012989,Siedenlangenbeck,Siedenlangenbeck,LSI,6
835558,Siedlerheim Malstatt - Saarbrücken,Siedlerheim Malstatt - Saarbrücken,PQSMS,6
8075556,Siegburg Bahnhof,Siegburg Bahnhof,PQSI,6
8007438,Siegelsbach,Siegelsbach,RSGB,6
8506195,Siegershausen,Siegershausen,XSSH,6
8005559,Siegsdorf,Siegsdorf,MSGD,6
721520,Siemens - Karlsruhe,Siemens - Karlsruhe,RKIS,6
5103420,Sieniawa Zarska,Sieniawa Zarska,XPSIZ,6
8700526,Sierck-les-Bains,Sierck-les-Bains,XFSIK,6
8702060,Sierentz,Sierentz,OFSTZ,6
8101524,Sierndorf an der March,Sierndorf an der March,OASIM,6
8501509,Sierre/Siders,Sierre/Siders,XSSI,6
8602127,Sig st(DK),Sig st(DK),XDSIG,6
8503502,Siggenthal-Würenlingen,Siggenthal-Würenlingen,OSSGW,6
5300083,Sighisoara,Sighisoara,XUSG,6
8100493,Sigmundsherberg,Sigmundsherberg,OASHB,6
8017023,Silberhütte NE,Silberhütte NE,LSIB,6
8012996,Silberstraße,Silberstraße,DSBS,6
8602130,Silkeborg st,Silkeborg st,XDSL,6
8100142,Sillian,Sillian,XASIL,6
7100473,Sils,Sils,OESIL,6
8100586,Silz im Oberinntal,Silz im Oberinntal,XASLZ,6
8000072,Simbach(Inn),Simbach(Inn),MSBI,6
5300003,Simeria,Simeria,XUSI,6
8005573,Simtshausen,Simtshausen,FSMH,6
5300084,Sinaia,Sinaia,XUSN,6
8800373,Sint-Denijs-Boekel,Sint-Denijs-Boekel,XBSD,6
8800190,Sint-Mariaburg,Sint-Mariaburg,XBSM,6
8501506,Sion,Sion,XSSN,6
8500026,Sissach,Sissach,XSSC,6
8400564,Sittard,Sittard,XNSI,6
8013000,Sitzendorf-Unterweißbach,Sitzendorf-Unterweißbach,USDF,6
8602156,Skaerbaek st,Skaerbaek st,XDSB,6
5402813,Skalice u Ceske Lipy,Skalice u Ceske Lipy,XTSKA,6
8602175,Skanderborg st,Skanderborg st,XDSG,6
8602207,Skive st,Skive st,XDSI,6
8602211,Skjern st,Skjern st,XDSJ,6
7900048,Skofja Loka,Skofja Loka,XZSL,6
8602254,Slagelse st,Slagelse st,XDSGE,6
5400268,Slavicin,Slavicin,OTSN,6
7800015,Slavonski Brod,Slavonski Brod,XRSL,6
8400565,Sliedrecht,Sliedrecht,ONSL,6
8400101,Sliedrecht Baanhoek,Sliedrecht Baanhoek,PNABR,6
5193610,Slubice,Slubice,XPSLB,6
5403047,Sluknov,Sluknov,XTSLN,6
5403049,Sluknov zast.,Sluknov zast.,XTSLZ,6
5103477,Smetowo,Smetowo,OPSME,6
8400566,Sneek,Sneek,XNSK,6
8400574,Sneek Noord,Sneek Noord,ONSKN,6
5400219,Sobeslav,Sobeslav,OTSL,6
8400571,Soest Zuid,Soest Zuid,ONSOZ,6
8400567,Soest(NL),Soest(NL),ONSO,6
8400569,Soestdijk,Soestdijk,ONSOK,6
5400199,Sokolov,Sokolov,XTSO,6
5402888,Solopysky,Solopysky,XTSOP,6
8500207,Solothurn,Solothurn,XSSO,6
8800491,Solre-sur-Sambre,Solre-sur-Sambre,XBSS,6
8700125,Somain,Somain,XFSO,6
8005601,Sondernach,Sondernach,TSOD,6
131264,Sonnborner Ufer - Wuppertal,Sonnborner Ufer - Wuppertal,D131264,6
8017040,Sophienhof,Sophienhof,LSPH,6
370602,Sophienstraße - Karlsruhe,Sophienstraße - Karlsruhe,PQKSO,6
5100056,Sopot,Sopot,XPSO,6
5501494,Sopron,Sopron,XMS,6
8017024,Sorge,Sorge,LSOR,6
8602350,Soroe st,Soroe st,XDSOR,6
5100133,Sosnowiec Glowny,Sosnowiec Glowny,XPSI,2
8005614,Soyen,Soyen,MSY,6
8800168,Spa,Spa,XBSP,6
8800592,Spa-Géronstère,Spa-Géronstère,XBGN,6
5402894,Spalov,Spalov,XTSPL,6
8600509,Spangsbjerg st,Spangsbjerg st,XDSP,6
8600179,Sparkaer St.,Sparkaer St.,PDSS,6
8007066,Sparrieshoop,Sparrieshoop,ASPS,6
8400572,Spaubeek,Spaubeek,ONSP,6
8013015,Spechtritz,Spechtritz,DSPR,6
5400218,Spicak,Spicak,XTSP,6
8079048,Spielberg,Spielberg,RSPG,6
8100082,Spielfeld-Straß,Spielfeld-Straß,XASS,6
8507483,Spiez,Spiez,XSSP,6
720788,Spinnerei - Ettlingen,Spinnerei - Ettlingen,RETS,6
8100306,Spital am Pyhrn,Spital am Pyhrn,XASPP,6
8100092,Spittal-Millstätter See,Spittal-Millstätter See,XASP,6
654777,Springhoffsfeld - Essen (Ruhr),Springhoffsfeld - Essen (Ruhr),D654777,6
721296,Spöck Hochhaus - Stutensee,Spöck Hochhaus - Stutensee,PQSSH,6
721295,Spöck Richard-Hecht-Schule - Stutensee,Spöck Richard-Hecht-Schule - Stutensee,RSPR,6
5402906,Srni u Ceske Lipy,Srni u Ceske Lipy,XTSCL,6
5103571,Sroda Slaska,Sroda Slaska,XPSRS,6
8700269,St Avold,St Avold,XFSA,6
8704545,St Dalmas de Tende,St Dalmas de Tende,XFSDD,6
8700228,St Malo,St Malo,XFSMA,6
8704640,St Pierre en Faucigny,St Pierre en Faucigny,OFRYV,6
8702469,St-Amour,St-Amour,XFSAR,6
8702380,St-Avre-la-Chambre,St-Avre-la-Chambre,XFSAC,6
8700033,St-Germain-des-Fosses,St-Germain-des-Fosses,XFSGF,6
8774407,St-Gervais-les-Bains,St-Gervais-les-Bains,PFSGL,6
8704576,St-Gervais-les-Bains-le-Fayet,St-Gervais-les-Bains-le-Fayet,XFSG,6
8701972,St-Hilaire-au-Temple,St-Hilaire-au-Temple,XFSHT,6
8700109,St-Jean-de-Luz-Ciboure,St-Jean-de-Luz-Ciboure,XFJL,6
8702383,St-Jean-de-Maurienne Arvan,St-Jean-de-Maurienne Arvan,XFJMA,6
8702033,St-Jory(Toulouse),St-Jory(Toulouse),XFJ,6
8701995,St-Laurent-du-Var,St-Laurent-du-Var,OFSLU,6
8700133,St-Louis (Haut-Rhin),St-Louis (Haut-Rhin),XFSTL,6
8701987,St-Louis-la-Chaussee,St-Louis-la-Chaussee,OFSLE,6
8700482,St-Marcellin(Isere),St-Marcellin(Isere),OFMJI,6
8501403,St-Maurice(CH),St-Maurice(CH),XSMC,6
8702381,St-Michel-Valloire,St-Michel-Valloire,XFSMV,6
8700371,St-Pierre-dAlbigny,St-Pierre-dAlbigny,XFPY,6
8700006,St-Pierre-des-Corps,St-Pierre-des-Corps,XFPDC,6
8702568,St-Priest,St-Priest,XFSP,6
8700176,St-Quentin(Aisne),St-Quentin(Aisne),XFSQ,6
8700143,St-Raphael-Valescure,St-Raphael-Valescure,XFSR,6
8701433,St-Sulpice-Lauriere,St-Sulpice-Lauriere,XFSSL,6
8500124,St-Ursanne,St-Ursanne,OSSUA,6
8100431,St. Andrä am Zicksee,St. Andrä am Zicksee,OASAB,6
8100064,St. Anton am Arlberg,St. Anton am Arlberg,XAAB,6
8100497,St. Anton im Montafon,St. Anton im Montafon,XAAM,6
8506302,St. Gallen(CH),St. Gallen(CH),XSSG,2
8506392,St. Gallen(CH) Haggen,St. Gallen(CH) Haggen,XSSGH,6
8506300,St. Gallen(CH) Winkeln,St. Gallen(CH) Winkeln,XSSGW,6
8101501,St. Georgen/Gusen,St. Georgen/Gusen,OASGG,6
8101502,St. Georgen/Gusen Ort,St. Georgen/Gusen Ort,OASGH,6
8100043,St. Johann im Pongau,St. Johann im Pongau,XASJ,6
8100054,St. Johann in Tirol,St. Johann in Tirol,XAJT,6
8506314,St. Margrethen SG,St. Margrethen SG,XSSM,6
8509253,St. Moritz,St. Moritz,XSMZ,6
8100501,St. Paul im Lavanttal,St. Paul im Lavanttal,XASPL,6
8100009,St. Valentin,St. Valentin,XASV,6
8101489,St.Egyden am Steinfeld,St.Egyden am Steinfeld,OASED,6
8101506,St.Georgen/Mattig,St.Georgen/Mattig,XASGM,6
8101529,St.Jodok am Brenner,St.Jodok am Brenner,XAJO,6
8100181,St.Johann in der Haide,St.Johann in der Haide,OASJ,6
8101562,St.Martin b.Weitra,St.Martin b.Weitra,OASMW,6
8100071,St.Michael in Obersteiermark,St.Michael in Obersteiermark,XASE,6
8101597,St.Peter-Seitenstetten,St.Peter-Seitenstetten,XASPS,6
8100008,St.Pölten Hbf,St.Pölten Hbf,XAP,2
8100078,St.Veit/Glan,St.Veit/Glan,XAVG,6
8506312,Staad SG,Staad SG,XSSTA,6
8517519,Stabio,Stabio,PSNFC,6
8100309,Stadt Rottenmann,Stadt Rottenmann,XASRM,6
418424,Stadthalle - Erkrath,Stadthalle - Erkrath,D418424,6
8005666,Stadtprozelten,Stadtprozelten,NSPO,6
301551,Stadtwald - Mettmann,Stadtwald - Mettmann,D301551,6
231181,Stadtwaldplatz - Essen (Ruhr),Stadtwaldplatz - Essen (Ruhr),D231181,6
8701956,Staffelfelden,Staffelfelden,XFSTA,6
8100132,Stainach-Irdning,Stainach-Irdning,XASI,6
8100589,Stams,Stams,XASTM,6
8100310,Stans bei Schwaz,Stans bei Schwaz,XASTS,6
5103390,Stara Kamienica,Stara Kamienica,OPSH,6
5400173,Stara Paka,Stara Paka,XTSTP,6
5400241,Stara Role,Stara Role,XTSR,6
721445,Starckstraße - Karlsruhe,Starckstraße - Karlsruhe,RKSS,6
5402921,Stare Krecany,Stare Krecany,XTSKR,6
5400089,Stare Mesto u Uherského Hradiste,Stare Mesto u Uherského Hradiste,OTSMU,6
5402925,Stare Splavy,Stare Splavy,XTSSY,6
5402929,Stary Sachov,Stary Sachov,XTSTS,6
5103716,Stary Wegliniec,Stary Wegliniec,OPSYG,6
8800169,Statte,Statte,XBSA,6
8007332,Staufen,Staufen,RSTF,6
8007333,Staufen Süd,Staufen Süd,RSTS,6
8400575,Stavoren,Stavoren,ONSVR,6
8506136,Steckborn,Steckborn,XSSB,6
8506157,Steckborn (See),Steckborn (See),XSSBS,6
8400576,Stedum,Stedum,ONSTD,6
654786,Steele S-Bahnhof - Essen (Ruhr),Steele S-Bahnhof - Essen (Ruhr),PQEST,6
8400578,Steenwijk,Steenwijk,XNSW,6
8011847,Steilküste/Wittenbeck,Steilküste/Wittenbeck,WHDS,6
8005687,Stein(Traun),Stein(Traun),MSTN,6
8500320,Stein-Säckingen,Stein-Säckingen,XSSK,6
8101494,Stein/Enns,Stein/Enns,OASEN,6
8100107,Steinach in Tirol,Steinach in Tirol,XAST,6
8516271,Steinach(Bodensee),Steinach(Bodensee),PSCTE,6
8101508,Steinbach-Bad Großpertholz,Steinbach-Bad Großpertholz,OASGP,6
131242,Steinbeck Weidenplatz - Wuppertal,Steinbeck Weidenplatz - Wuppertal,D131242,6
8702047,Steinbourg,Steinbourg,XFSNG,6
8100020,Steindorf bei Straßwalchen,Steindorf bei Straßwalchen,XASF,6
8506397,Steinebrunn(CH),Steinebrunn(CH),XSSU,6
8017025,Steinerne Renne,Steinerne Renne,LSR,6
122000,Steinfurther Allee (U) - Hamburg,Steinfurther Allee (U) - Hamburg,D122000,6
8005709,Steinhöring,Steinhöring,MSHG,6
8005716,Steinwiesen Bf,Steinwiesen Bf,NSTW,6
8070547,Stelle DHE,Stelle DHE,HSTE,6
8702021,Stephansfeld,Stephansfeld,XFSF,6
8017026,Sternhaus-Haferfeld,Sternhaus-Haferfeld,LSTH,6
8017027,Sternhaus-Ramberg,Sternhaus-Ramberg,LSTE,6
8005722,Sterzhausen,Sterzhausen,FSZH,6
8503147,Stettbach,Stettbach,XSSE,6
8070548,Stetten (b. Haigerloch),Stetten (b. Haigerloch),TSTT,6
8005724,Stetten am Heuchelberg,Stetten am Heuchelberg,TSHG,6
8007134,Stettfeld(Baden),Stettfeld(Baden),RSF,6
8100010,Steyr,Steyr,XASY,6
8101614,Steyregg,Steyregg,OASTY,6
8017028,Stiege,Stiege,LSTI,6
8101536,Stillfried,Stillfried,OASLD,6
8077774,Stockach,Stockach,RSTK,6
8100534,Stockerau,Stockerau,XASRA,6
8005738,Stockheim(Unterfr),Stockheim(Unterfr),NSTU,6
7400002,Stockholm Central,Stockholm Central,XVSC,2
8602438,Stoholm st,Stoholm st,XDSM,6
8013056,Stolberg(Harz),Stolberg(Harz),USTO,6
8099506,Stolberg(Rheinl)Gbf,Stolberg(Rheinl)Gbf,KST G,6
8098348,Stolberg(Rheinl)Hbf Gl.27,Stolberg(Rheinl)Hbf Gl.27,KST B,6
8098349,Stolberg(Rheinl)Hbf Gl.44,Stolberg(Rheinl)Hbf Gl.44,KST E,6
8005741,Stolberg-Altstadt,Stolberg-Altstadt,KSTT,6
8005745,Stolberg-Mühlener Bahnhof,Stolberg-Mühlener Bahnhof,KSTM,6
8005743,Stolberg-Rathaus,Stolberg-Rathaus,KSTR,6
8005744,Stolberg-Schneidmühle,Stolberg-Schneidmühle,KSTS,6
8017415,Stollberg Schlachthofstraße,Stollberg Schlachthofstraße,DSTOS,6
8700023,Strasbourg,Strasbourg,XFSTG,6
8101595,Strasshof,Strasshof,XASTH,6
8089187,Strausberg (S),Strausberg (S),BSTV,6
8017029,Straßberg(Harz),Straßberg(Harz),LSTR,6
8084109,Straßberg-Glasebach,Straßberg-Glasebach,LSGL,6
8010340,Straßgräbchen-Bernsdorf,Straßgräbchen-Bernsdorf,DSTR,6
8100019,Straßwalchen,Straßwalchen,XASR,6
8102062,Straßwalchen West,Straßwalchen West,XASRW,6
8300068,Stresa,Stresa,XISTA,6
7800047,Strizivojna-Vrpolje,Strizivojna-Vrpolje,XRSV,6
8602466,Struer st,Struer st,XDS,6
5402962,Struznice,Struznice,XTSTR,6
8087027,Stubbenfelde,Stubbenfelde,WSBB,6
8007071,Stubersheim,Stubersheim,TSBH,6
8100196,Studenzen-Fladnitz,Studenzen-Fladnitz,OASU,6
8602472,Studsgaard st,Studsgaard st,XDST,6
5603745,Sturovo,Sturovo,XYST,6
8098096,Stuttgart Hbf (tief),Stuttgart Hbf (tief),TS  T,2
8005764,Stühlingen,Stühlingen,RSTU,6
8001625,Stühlingen-Eberfingen,Stühlingen-Eberfingen,RSEBE,6
8013071,Stützerbach,Stützerbach,UST,6
5402990,Suchdol n.Luznici z.,Suchdol n.Luznici z.,OTSLZ,6
8079100,Sulmingen,Sulmingen,TSUM,6
8101585,Sulz-Röthis,Sulz-Röthis,OASR,6
8005793,Sulzbach(Inn),Sulzbach(Inn),MSBH,6
8005794,Sulzbach(Main),Sulzbach(Main),NSUZ,6
8005801,Sulzbach-Rosenberg Hütte,Sulzbach-Rosenberg Hütte,NSRH,6
8005805,Sulzfeld(Baden),Sulzfeld(Baden),RSFD,6
5403072,Sumice,Sumice,OTSIC,6
8100316,Summerau,Summerau,XASUM,6
8502007,Sursee,Sursee,XSSUS,6
8704683,Survilliers Fosses,Survilliers Fosses,XFSVF,6
8400582,Susteren,Susteren,XNSU,6
5402997,Svadov,Svadov,OTSDV,6
5400131,Svatava,Svatava,XTSV,6
5402998,Svatava zastavka,Svatava zastavka,XTSVZ,6
8602486,Svejbaek st,Svejbaek st,XDSV,6
5403084,Svihov u Klatov,Svihov u Klatov,OTSHL,6
5403016,Svojetin,Svojetin,XTSVJ,6
5400285,Svor,Svor,XTSVO,6
8400583,Swalmen,Swalmen,ONSW,6
5103275,Swiebodzice,Swiebodzice,OPSBD,6
5103284,Swiebodzin,Swiebodzin,XPSWB,6
5189954,Swinoujscie Centrum,Swinoujscie Centrum,XPSM,6
5403020,Sychrov,Sychrov,OTSYC,6
5501215,Szajol,Szajol,XMSJ,6
5100057,Szczecin Glowny,Szczecin Glowny,XPSG,2
5100145,Szczecin Gumience,Szczecin Gumience,XPSU,6
5103335,Szczedrzykowice,Szczedrzykowice,XPSZK,6
5500029,Szentgotthárd,Szentgotthárd,XMSG,6
5500006,Szob,Szob,XMSB,6
5500053,Szolnok,Szolnok,XMSN,6
5500028,Szombathely,Szombathely,OMSO,6
5501280,Szombathely-Szölös,Szombathely-Szölös,OMSBS,6
8700179,Sélestat,Sélestat,XFSL,6
8100429,Söchau,Söchau,OASAU,6
7400700,Södertälje Syd station,Södertälje Syd station,XVSD,6
8013001,Söllichau,Söllichau,LSOL,6
8070865,Söllingen Kapellenstraße,Söllingen Kapellenstraße,RSLA,6
8007866,Söllingen Reetzstr.,Söllingen Reetzstr.,RSLR,6
8005585,Söllingen(b Karlsr),Söllingen(b Karlsr),RSL,6
8005789,Süderlügum,Süderlügum,ANBS,6
8704957,TGV Haute Picardie,TGV Haute Picardie,XFHP,6
5400031,Tabor,Tabor,XTT,6
8005813,Tacherting,Tacherting,MTCH,6
8100318,Takern-St.Margarethen,Takern-St.Margarethen,OATSM,6
8101644,Tallesbrunn,Tallesbrunn,OATAL,6
8800135,Tamines,Tamines,XBTA,6
8501015,Tannay,Tannay,OSTNY,6
8007051,Tanneneck,Tanneneck,ATAK,6
5400261,Tanvald,Tanvald,XTTA,6
8700058,Tarascon sur Rhone,Tarascon sur Rhone,XFTA,6
8602517,Tarm st,Tarm st,XDTAM,6
5100230,Tarnow,Tarnow,XPTA,6
8303915,Tarvisio Boscoverde,Tarvisio Boscoverde,XITB,6
8101646,Tassenbach,Tassenbach,OATAS,6
5500010,Tata,Tata,XMTA,6
5500009,Tatabanya,Tatabanya,XMTB,6
8005827,Tauberbischofsheim,Tauberbischofsheim,TTB,6
8100187,Tauchen-Schaueregg,Tauchen-Schaueregg,OATS,6
8100320,Taufkirchen an der Pram,Taufkirchen an der Pram,XATF,6
8602526,Taulov st,Taulov st,XDTA,6
8505218,Taverne-Torricella,Taverne-Torricella,XST,6
8100046,Taxenbach-Rauris,Taxenbach-Rauris,XATR,6
5100061,Tczew,Tczew,XPTC,6
5403099,Techlovice,Techlovice,OTTEC,6
8500028,Tecknau,Tecknau,XSTE,6
8400591,Tegelen,Tegelen,ONTE,6
8007632,Tegernsee,Tegernsee,MTE,6
8101658,Teichstätt,Teichstätt,XATT,6
8013098,Teichwolframsdorf,Teichwolframsdorf,DTW,6
8070666,Teisnach,Teisnach,NTEN,6
8005839,Teisnach Rohde+Schwarz,Teisnach Rohde+Schwarz,NTRS,6
8100060,Telfs-Pfaffenhofen,Telfs-Pfaffenhofen,XATP,6
8702110,Templeuve,Templeuve,XFTE,6
8013102,Templin-Ahrensdorf,Templin-Ahrensdorf,WTAD,6
8701291,Tenay-Hauteville,Tenay-Hauteville,OFHTV,6
8704703,Tende(F),Tende(F),XFTND,6
8505401,Tenero,Tenero,OSTE,6
8101660,Tenneck,Tenneck,XATN,6
5400101,Teplice v Cechach,Teplice v Cechach,XTTV,6
8400592,Terborg,Terborg,ONTBG,6
5100084,Terespol,Terespol,XPTE,6
8100323,Terfens-Weer,Terfens-Weer,XATW,6
8700077,Tergnier,Tergnier,XFTG,1
8101661,Ternitz,Ternitz,OATER,6
8800244,Testelt,Testelt,XBTE,6
8700556,Teting (Moselle),Teting (Moselle),XFTT,6
8013537,Teufelsmühle,Teufelsmühle,DTF,6
8100324,Thal,Thal,OATHL,6
8013113,Thalheim(Erzgeb),Thalheim(Erzgeb),DTAL,6
8013117,Thalheim(Erzgeb) Mitte,Thalheim(Erzgeb) Mitte,DTAM,6
8070690,Thalheim(b Oschatz),Thalheim(b Oschatz),DTL,6
8503202,Thalwil,Thalwil,XSTW,6
8005856,Thayngen,Thayngen,RTG,6
8013116,Thermalbad Wiesenbad,Thermalbad Wiesenbad,DWIE,6
8800590,Theux,Theux,XBTX,6
8007867,Thiergarten(Hohenz),Thiergarten(Hohenz),TTI,6
8700059,Thionville,Thionville,XFTHV,6
8700547,Thonon-les-Bains,Thonon-les-Bains,OFTOH,6
8013120,Thoßfell,Thoßfell,DTFL,6
8800488,Thuin,Thuin,XBTIN,6
8507100,Thun,Thun,XSTH,6
8509189,Thusis,Thusis,XSTU,6
8101675,Thörl-Maglern,Thörl-Maglern,OATM,6
8026544,Tiefenbach(b Passau),Tiefenbach(b Passau),NTFB,6
8017030,Tiefenbachmühle,Tiefenbachmühle,LTF,6
8013127,Tiefenort,Tiefenort,UTI,6
8700529,Tieffenbach-Struth,Tieffenbach-Struth,XFTB,6
8400596,Tiel,Tiel,ONTL,6
8400036,Tiel Passewaaij,Tiel Passewaaij,PNAAU,6
8800085,Tienen,Tienen,XBTI,6
8400597,Tilburg,Tilburg,XNT,6
8400021,Tilburg Reeshof,Tilburg Reeshof,PNAAF,6
8400594,Tilburg Universiteit,Tilburg Universiteit,ONTW,6
8101670,Timelkam,Timelkam,OATIM,6
8602553,Tinglev st,Tinglev st,XDTI,6
5403129,Tisice,Tisice,XTTC,6
8101685,Tisis (Feldkirch),Tisis (Feldkirch),XATI,6
8602561,Tistrup st,Tistrup st,XDTR,6
8006422,Tittmoning-Wiesmühl,Tittmoning-Wiesmühl,MWSL,6
379084,Tivoli - Karlsruhe,Tivoli - Karlsruhe,PQKTV,6
8602563,Tjaereborg st,Tjaereborg st,XDTB,6
8506183,Tobel-Affeltrangen,Tobel-Affeltrangen,XSTOA,6
5403136,Tocnik,Tocnik,OTTOC,6
8602955,Toender Nord st,Toender Nord st,XDTON,6
8602589,Toender st,Toender st,XDTO,6
8602588,Tommerup st,Tommerup st,XDTP,6
8800086,Tongeren,Tongeren,XBTG,6
8300522,Torino Porta Susa,Torino Porta Susa,XITUP,6
8300029,Tortona,Tortona,XITOR,6
5100062,Torun Glowny,Torun Glowny,XPTO,2
5103810,Torun Miasto,Torun Miasto,OPTOT,6
5103812,Torun Wschodni,Torun Wschodni,OPTOW,6
5403780,Touchovice u Loun,Touchovice u Loun,XTTCH,6
8700263,Toul,Toul,XFTU,6
8700108,Toulon,Toulon,XFTO,6
8700065,Toulouse-Matabiau,Toulouse-Matabiau,XFTM,6
8700121,Tourcoing,Tourcoing,XFTC,6
8800170,Tournai,Tournai,XBTO,6
8704734,Tournan,Tournan,XFTOU,6
8005892,Trasadingen,Trasadingen,RT,6
8013132,Trassenheide,Trassenheide,WTH,6
8013133,Trassenmoor,Trassenmoor,WTM,6
8013135,Traun,Traun,UTN,6
8101690,Traun OÖ,Traun OÖ,XATRN,6
8005893,Traundorf,Traundorf,MTRD,6
8005894,Traunreut,Traunreut,MTRT,6
8005873,Traunstein Klinikum,Traunstein Klinikum,MTSK,6
8504215,Travers,Travers,OSTR,6
7900037,Trbovlje,Trbovlje,XZT,6
8013139,Trebitz(Elbe),Trebitz(Elbe),LTB,6
5400104,Trebon,Trebon,OTTBN,6
5403195,Trebon lazne,Trebon lazne,OTTLA,6
5403197,Trebusice,Trebusice,XTTRB,6
8100096,Treibach-Althofen,Treibach-Althofen,XATA,6
7400795,Trelleborg F,Trelleborg F,XVTF,6
8300101,Trento,Trento,XITR,6
8300130,Treviso Centrale,Treviso Centrale,XITS,2
8100128,Trieben,Trieben,XAT,6
836375,Trierer Str. - Saarbrücken,Trierer Str. - Saarbrücken,PQSTS,6
8303213,Trieste Airport,Trieste Airport,PITA,3
8300107,Trieste Centrale,Trieste Centrale,XIT,2
8100379,Trimmelkam,Trimmelkam,XATK,6
8007147,Trochtelfingen ALB-GOLD,Trochtelfingen ALB-GOLD,TTRA,6
8070557,Trochtelfingen(Hohenz),Trochtelfingen(Hohenz),TTRF,6
8800088,Trois-Ponts,Trois-Ponts,XBTP,6
8200136,Troisvierges,Troisvierges,XLTV,6
8602628,Troldhede st,Troldhede st,XDTD,6
8800265,Trooz,Trooz,XBT,6
8007646,Trossingen Stadt,Trossingen Stadt,TTRS,6
8005912,Trostberg,Trostberg,MTSB,6
5100072,Trzebinia,Trzebinia,XPTB,6
8100118,Tschagguns,Tschagguns,XATS,6
360107,Tullastraße/Alter Schlachthof - Karlsruhe,Tullastraße/Alter Schlachthof - Karlsruhe,PQKTU,6
8005924,Tulling,Tulling,MTUL,6
8100203,Tulln a.d.Donau,Tulln a.d.Donau,XATU,6
8102059,Tullnerfeld,Tullnerfeld,XATD,6
5100242,Tuplice,Tuplice,XPTU,6
5103854,Tuplice Debinka,Tuplice Debinka,XPTUD,6
8503503,Turgi,Turgi,XSTG,6
5400108,Turnov,Turnov,XTTRN,6
8400037,Twello,Twello,PNAAV,6
8005928,Twiste,Twiste,FTW,6
5100260,Tychy,Tychy,XPTY,6
8506198,Tägerwilen Dorf,Tägerwilen Dorf,OSTGM,6
8005883,Töging(Inn),Töging(Inn),MTG,6
5501381,Törökszentmiklos,Törökszentmiklos,OMTKZ,6
8005916,Tübingen West,Tübingen West,TTW,6
8005923,Tüßling,Tüßling,MTLG,6
5103894,Ubocze,Ubocze,OPUB,6
8007133,Ubstadt Ort,Ubstadt Ort,RUO,6
8085003,Ubstadt Salzbrunnenstr,Ubstadt Salzbrunnenstr,RUOS,6
8070098,Ubstadt Uhlandstr.,Ubstadt Uhlandstr.,RUOU,6
8700377,Uckange,Uckange,XFUC,6
8300115,Udine,Udine,XIU,6
8302294,Ugovizza-Valbruna,Ugovizza-Valbruna,OIU,6
5403228,Uherske Hradiste,Uherske Hradiste,OTUH,6
5400290,Uhersky Brod,Uhersky Brod,OTU,6
836104,Uhlandstr. - Saarbrücken,Uhlandstr. - Saarbrücken,PQSU,6
5403232,Uholicky,Uholicky,OTUHY,6
8400615,Uitgeest,Uitgeest,XNUI,6
8400617,Uithuizen,Uithuizen,ONUHZ,6
8400618,Uithuizermeeden,Uithuizermeeden,ONUHM,6
5400279,Ujezdec u Luhacovic,Ujezdec u Luhacovic,OTUL,6
8013167,Ulberndorf,Ulberndorf,DUL,6
8101695,Ulmerfeld-Hausmening,Ulmerfeld-Hausmening,XAUH,6
8100558,Ulrichsbrücke-Füssen,Ulrichsbrücke-Füssen,XAU,6
8602691,Ulstrup st,Ulstrup st,XDUP,6
8007052,Ulzburg Süd,Ulzburg Süd,AUBS,6
8005961,Umrathshausen Bf,Umrathshausen Bf,MURB,6
8005968,Ungedanken,Ungedanken,FUNG,6
8005977,Unteraschau,Unteraschau,MUA,6
8101712,Unterberg-Stefansbrücke,Unterberg-Stefansbrücke,XAUS,6
8007436,Untergimpern,Untergimpern,RUG,6
8005990,Untergrombach,Untergrombach,RURB,6
8007103,Unterharmersbach,Unterharmersbach,RUH,6
8006002,Unterjesingen Mitte,Unterjesingen Mitte,TUJM,6
8006003,Unterjesingen Sandäcker,Unterjesingen Sandäcker,TUJS,6
8007822,Untermaubach-Schlagstein,Untermaubach-Schlagstein,KUM,6
721456,Untermühlstraße - Karlsruhe,Untermühlstraße - Karlsruhe,RKDUU,6
8013173,Unterneudorf,Unterneudorf,DUN,6
716135,Unterneustädter Kirchplatz - Kassel,Unterneustädter Kirchplatz - Kassel,FKUNK,6
8102056,Unterretzbach,Unterretzbach,PASWS,6
8071104,Unterschwaningen,Unterschwaningen,MUSG,6
8006016,Untersteinach(Bayr),Untersteinach(Bayr),NUST,6
8509416,Unterterzen,Unterterzen,XSUT,6
8013175,Unterwiesenthal,Unterwiesenthal,DUW,6
8006025,Unterwurmbach,Unterwurmbach,MUWB,6
8007140,Unteröwisheim Bf,Unteröwisheim Bf,RUOE,6
8079149,Unteröwisheim M.-Luther-Str.,Unteröwisheim M.-Luther-Str.,RUOEL,6
8100074,Unzmarkt,Unzmarkt,XAUM,6
8006026,Uphusum,Uphusum,AUP,6
8007852,Usingen,Usingen,FUSI,6
8400619,Usquert,Usquert,ONUQT,6
8006043,Usseln,Usseln,FUS,6
5403253,Usti nad Labem Sever,Usti nad Labem Sever,OTULS,6
5400019,Usti nad Labem hl.n.,Usti nad Labem hl.n.,XTU,2
5403254,Usti nad Labem zapad,Usti nad Labem zapad,XTUZ,6
5403255,Usti nad Labem-Strekov,Usti nad Labem-Strekov,XTUS,6
8400621,Utrecht Centraal,Utrecht Centraal,XNU,1
8400607,Utrecht Leidsche Rijn,Utrecht Leidsche Rijn,PNULR,6
8400623,Utrecht Lunetten,Utrecht Lunetten,ONUL,6
8400027,Utrecht Maliebaan,Utrecht Maliebaan,PNAAL,6
8400620,Utrecht Overvecht,Utrecht Overvecht,ONUO,6
8400022,Utrecht Terwijde,Utrecht Terwijde,PNAAG,6
8400606,Utrecht Vaartsche Rijn,Utrecht Vaartsche Rijn,PNUVR,6
8400039,Utrecht Zuilen,Utrecht Zuilen,PNAAX,6
8100333,Uttendorf-Helpfau,Uttendorf-Helpfau,XAUDH,6
8506122,Uttwil,Uttwil,XSUW,6
2200542,Uzhhorod,Uzhhorod,ZUU,6
5501413,Vac,Vac,XMV,6
8013178,Vacha,Vacha,UV,6
8007660,Vaihingen(Enz)Nord,Vaihingen(Enz)Nord,TVN,6
8700378,Vaires Torcy,Vaires Torcy,XFVAR,6
8700321,Val-de-Reuil,Val-de-Reuil,XFVDR,6
8602714,Valby(Koebenhavn),Valby(Koebenhavn),XDVAL,6
8300443,Valdaora-Anterselva/Olang-Antholz,Valdaora-Anterselva/Olang-Antholz,XIVO,6
5403273,Valdek,Valdek,XTVA,6
8704943,Valence TGV Rhône-Alpes Sud,Valence TGV Rhône-Alpes Sud,XFVCV,6
8700056,Valence Ville,Valence Ville,XFVC,6
8700078,Valenciennes,Valenciennes,XFVA,6
8400632,Valkenburg(NL),Valkenburg(NL),XNVB,6
5403278,Valtirov,Valtirov,OTVTI,6
8602722,Vamdrup st,Vamdrup st,XDVA,6
8100380,Vandans,Vandans,XAVA,6
8300520,Vandoies/Vintl,Vandoies/Vintl,OIVAN,6
8702174,Varangeville-St-Nicolas,Varangeville-St-Nicolas,XFVN,6
8600130,Varde Kaserne st,Varde Kaserne st,XDVRK,6
8602730,Varde Nord st,Varde Nord st,XDVRN,6
8602927,Varde Vest st,Varde Vest st,XDVRW,6
8602729,Varde st,Varde st,XDVR,6
8300050,Varese,Varese,XIVRS,6
5400220,Varnsdorf,Varnsdorf,XTVD,6
5454532,Varnsdorf Pivovar Kocour,Varnsdorf Pivovar Kocour,XTVK,6
5456709,Varnsdorf stare nadrazi,Varnsdorf stare nadrazi,XTSVD,6
8400635,Varsseveld,Varsseveld,ONVS,6
5403289,Vcelna,Vcelna,OTVCE,6
8400095,Veendam,Veendam,PNABO,6
8400627,Veenendaal Centrum,Veenendaal Centrum,ONVEC,6
8400628,Veenendaal West,Veenendaal West,ONVEW,6
8400637,Veenendaal-De Klomp,Veenendaal-De Klomp,XNVK,6
8602756,Vejle st,Vejle st,XDVJ,6
5400383,Vejprty,Vejprty,XTVY,6
5403292,Vejprty koupaliste,Vejprty koupaliste,XTVYK,6
5403293,Vejprty zastavka,Vejprty zastavka,XTVYZ,6
8100081,Velden am Wörther See,Velden am Wörther See,XAVE,6
5403297,Velesin,Velesin,OTVES,6
5403298,Velesin mesto,Velesin mesto,OTVNM,6
5403321,Velke Brezno,Velke Brezno,OTVBR,6
5403322,Velke Hamry,Velke Hamry,XTVH,6
5403684,Velke Hamry mesto,Velke Hamry mesto,XTVHM,6
5403344,Velke Zernoseky,Velke Zernoseky,XTVZ,6
5403355,Velky Senov,Velky Senov,XTVV,6
5403356,Velky Senov zast.,Velky Senov zast.,XTVVZ,6
5403357,Velky Valtinov,Velky Valtinov,XTVVN,6
8400640,Velp,Velp,ONVL,6
8702148,Vendenheim,Vendenheim,XFVH,6
8300093,Venezia Mestre,Venezia Mestre,XIVNM,6
8300094,Venezia Santa Lucia,Venezia Santa Lucia,XIVNS,6
8700380,Venissieux,Venissieux,XFVE,6
8400644,Venlo,Venlo,XNVL,6
8400646,Venray,Venray,ONV,6
8300146,Ventimiglia,Ventimiglia,XIVT,6
8300625,Venzone,Venzone,OIVEN,6
8702590,Vergeze-Codognan,Vergeze-Codognan,OFVGC,6
8007233,Veringendorf,Veringendorf,TVRD,6
8007232,Veringenstadt,Veringenstadt,TVRS,6
8300390,Vernante,Vernante,XIVNN,6
8702187,Verneuil lEtang,Verneuil lEtang,XFVEE,6
8704808,Verneuil sur Avre,Verneuil sur Avre,XFVEA,6
8700230,Vernon(Eure),Vernon(Eure),XFVNO,6
8300120,Verona Porta Nuova,Verona Porta Nuova,XIVP,6
8300499,Versciaco-Elmo/Vierschach-Helm,Versciaco-Elmo/Vierschach-Helm,OIVE,6
8501022,Versoix,Versoix,OSVIX,6
8800016,Verviers Central,Verviers Central,XBVC,2
8800268,Verviers-Palais,Verviers-Palais,XBVP,6
5403371,Vesele pod Rabstejnem,Vesele pod Rabstejnem,XTVER,6
5400113,Veseli nad Luznici,Veseli nad Luznici,OTV,6
5403374,Vesky,Vesky,OTVSK,6
8006079,Vettweiß,Vettweiß,KVET,6
8071022,Vettweiß-Jakobwüllesheim,Vettweiß-Jakobwüllesheim,KJW,6
8501200,Vevey,Vevey,OSVE,6
8602823,Viborg st,Viborg st,XDVG,6
8602824,Viby Jylland st,Viby Jylland st,XDVI,6
8602825,Viby Sjaelland st,Viby Sjaelland st,XDVSJ,6
8300126,Vicenza,Vicenza,XIVC,6
8070561,Viechtach,Viechtach,NVIC,6
8800274,Vielsalm,Vielsalm,XBVS,6
8700095,Vienne,Vienne,XFVI,6
8013190,Vierenstraße,Vierenstraße,DVR,6
8400647,Vierlingsbeek,Vierlingsbeek,ONVI,6
8704841,Vievola,Vievola,XFVVA,6
7179311,Vilajuiga,Vilajuiga,PEFKX,6
7179308,Vilamalla,Vilamalla,PERVN,6
5403384,Vilemov u Sluknova,Vilemov u Sluknova,XTVL,6
8300449,Villabassa-Braies/Niederdorf-Prags,Villabassa-Braies/Niederdorf-Prags,XIVB,6
8100147,Villach Hbf,Villach Hbf,XAVH,2
8100382,Villach Warmbad,Villach Warmbad,XAWV,6
8100148,Villach Westbf,Villach Westbf,XAVW,6
8704846,Villars les Dombes,Villars les Dombes,XFVD,6
8704852,Villedieu les Poeles,Villedieu les Poeles,XFVDS,6
8702347,Villefranche-de-Lauragais,Villefranche-de-Lauragais,OFVFL,6
8702169,Villefranche-sur-Mer,Villefranche-sur-Mer,OFVFM,6
8702188,Villeneuve Loubet,Villeneuve Loubet,OFVLN,6
8501303,Villeneuve VD,Villeneuve VD,XSVL,6
8702593,Villenouvelle,Villenouvelle,OFVIV,6
8702156,Villers Cotterets,Villers Cotterets,XFVR,6
8704878,Villiers-le-Bel-Gonesse-Arnouville,Villiers-le-Bel-Gonesse-Arnouville,XFVG,6
8102260,Vils Stadt,Vils Stadt,XAVIS,6
8100116,Vils in Tirol,Vils in Tirol,XAV,6
8006084,Vilsbiburg,Vilsbiburg,MVSB,6
5403386,Vilsnice,Vilsnice,OTVIS,6
8800090,Vilvoorde,Vilvoorde,XBVV,6
8602851,Vinderup st,Vinderup st,XDVP,6
7800018,Vinkovci,Vinkovci,XRVI,6
8300121,Vipiteno-Val di Vizze/Sterzing-Pfitsch,Vipiteno-Val di Vizze/Sterzing-Pfitsch,XIVS,6
8700460,Virieu-le-Grand-Belley,Virieu-le-Grand-Belley,OFVGL,6
8602867,Visby st,Visby st,XDVY,6
8800172,Vise,Vise,XBV,6
8501605,Visp,Visp,XSVI,6
8100335,Vitis,Vitis,OAVT,6
8700082,Vitry le François Gare,Vitry le François Gare,XFVF,6
8700520,Vittel,Vittel,XFVT,6
8400651,Vleuten,Vleuten,XNVT,6
8400652,Vlissingen,Vlissingen,XNVI,6
8400653,Vlissingen Souburg,Vlissingen Souburg,ONVIS,6
8400656,Voerendaal,Voerendaal,ONVOD,6
8300492,Voghera,Voghera,XIVOG,6
8006103,Vohren,Vohren,EVOH,6
130419,Vohwinkel Bahnhof - Wuppertal,Vohwinkel Bahnhof - Wuppertal,D130419,6
8602887,Vojens st,Vojens st,XDV,6
5400188,Vojtanov,Vojtanov,XTV,6
5403687,Vojtanov obec,Vojtanov obec,XTVO,6
8100337,Volders-Baumkirchen,Volders-Baumkirchen,XAVO,6
8070860,Volkach-Astheim,Volkach-Astheim,NVOLA,6
8006107,Volkmarsen,Volkmarsen,FVA,6
8400658,Voorburg,Voorburg,ONVOB,6
8400655,Voorhout,Voorhout,ONVOO,6
8400659,Voorschoten,Voorschoten,ONVOS,6
8400038,Voorst-Empe,Voorst-Empe,PNAAW,6
8400661,Vorden,Vorden,ONVOR,6
8602903,Vordingborg st,Vordingborg st,XDVB,6
8007068,Voßloch,Voßloch,AVSL,6
5403444,Vranany,Vranany,OTVNY,6
8400664,Vriezenveen,Vriezenveen,ONVZV,6
8602914,Vroegum st,Vroegum st,XDVM,6
8400666,Vroomshoop,Vroomshoop,ONVRH,6
5400115,Vsetaty,Vsetaty,XTVT,6
8400667,Vught,Vught,ONVU,6
5403486,Vyhen,Vyhen,OTVYE,6
5403488,Vysluni,Vysluni,XTVSL,6
5400237,Vysoka Pec,Vysoka Pec,XTVP,6
8100507,Vöcklabruck,Vöcklabruck,XAVB,6
8100508,Vöcklamarkt,Vöcklamarkt,XAVM,6
8001664,Vöhl-Ederbringhausen,Vöhl-Ederbringhausen,FEDN,6
8002802,Vöhl-Herzhausen,Vöhl-Herzhausen,FHZN,6
8005382,Vöhl-Schmittlotheim,Vöhl-Schmittlotheim,FSLM,6
8006093,Vöhl-Thalitter,Vöhl-Thalitter,FTHA,6
390201,Völklinger Straße - Düsseldorf,Völklinger Straße - Düsseldorf,D390201,6
231225,Völklinger Straße - Wuppertal,Völklinger Straße - Wuppertal,D231225,6
8101728,Völs,Völs,XAVL,6
204231,Wabeler Str. - Neustadt-Glewe,Wabeler Str. - Neustadt-Glewe,D204231,6
5103950,Wabrzezno,Wabrzezno,OPWBR,6
8006126,Wachenheim-Mölsheim,Wachenheim-Mölsheim,FWAM,6
8400675,Waddinxveen,Waddinxveen,ONWA,6
8400674,Waddinxveen Noord,Waddinxveen Noord,ONWAN,6
8400677,Waddinxveen Triangel,Waddinxveen Triangel,PNXTL,6
8007596,Wagersrott,Wagersrott,AWGR,6
8006138,Waging,Waging,MWGN,6
8000327,Wahlheim,Wahlheim,FWHM,6
8077775,Wahlwies,Wahlwies,RWW,6
5100064,Walbrzych Glowny,Walbrzych Glowny,XPWL,2
5100210,Walbrzych Miasto,Walbrzych Miasto,OPWM,6
8100127,Wald am Schoberpass,Wald am Schoberpass,XAWA,6
8013211,Waldenburg(Sachs),Waldenburg(Sachs),DWAL,6
8007073,Waldhausen(b Geislingen),Waldhausen(b Geislingen),TWHS,6
8013212,Waldkirchen(Erzgeb),Waldkirchen(Erzgeb),DWK,6
8006160,Waldkirchen(Niederbay.),Waldkirchen(Niederbay.),NWKN,6
8006164,Waldkraiburg-Kraiburg,Waldkraiburg-Kraiburg,MWKG,6
8509414,Walenstadt,Walenstadt,XSWA,6
8271060,Walferdange,Walferdange,XLWF,6
8000187,Wallau(Lahn),Wallau(Lahn),FWA,6
8006176,Walldürn,Walldürn,RWDN,6
8006180,Wallenrod,Wallenrod,FWAD,6
8100341,Wallern im Burgenland,Wallern im Burgenland,OAWAN,6
8101803,Wallersee,Wallersee,XAWAL,6
442199,Wallgraben - Leichlingen (Rheinland),Wallgraben - Leichlingen (Rheinland),D442199,6
8006145,Wallhausen(Württ),Wallhausen(Württ),TWAL,6
8503129,Wallisellen,Wallisellen,XSWS,6
5104188,Walowice,Walowice,XPWA,6
836412,Walpershofen Mitte - Riegelsberg,Walpershofen Mitte - Riegelsberg,PQRWM,6
836348,Walpershofen/Etzenhofen - Riegelsberg,Walpershofen/Etzenhofen - Riegelsberg,PQRWE,6
8702265,Walygator Parc,Walygator Parc,OFWL,6
8013227,Wandlitz,Wandlitz,BWAZ,6
8013228,Wandlitzsee,Wandlitzsee,BWAS,6
8013240,Wangen(Unstrut),Wangen(Unstrut),UWG,6
8007766,Wangerooge,Wangerooge,HWG,6
8013232,Warenshof,Warenshof,WWAH,6
8400679,Warffum,Warffum,ONWAR,6
8013235,Warmbad,Warmbad,DWAB,6
5100065,Warszawa Centralna,Warszawa Centralna,XPWC,1
5100172,Warszawa Gdanska,Warszawa Gdanska,XPWG,6
5100066,Warszawa Wschodnia,Warszawa Wschodnia,XPWW,6
5100067,Warszawa Zachodnia,Warszawa Zachodnia,XPWZ,6
8100383,Wartberg im Mürztal,Wartberg im Mürztal,XAWB,6
8101742,Wartberg/Krems,Wartberg/Krems,XAWBK,6
958541,Wartehalle - Schönhausen (Elbe),Wartehalle - Schönhausen (Elbe),D958541,6
372664,Wasen - Ettlingen,Wasen - Ettlingen,PQEWA,6
8200340,Wasserbillig,Wasserbillig,XLW,6
8006220,Wasserburg(Inn)Bf,Wasserburg(Inn)Bf,MWSB,6
8070567,Wassertrüdingen,Wassertrüdingen,MWTD,6
8006225,Watenstedt,Watenstedt,HWNS,6
8800136,Waterloo,Waterloo,XBWA,6
8800525,Watermael/Watermaal,Watermael/Watermaal,XBWM,6
8007341,Watzelsteg,Watzelsteg,NWAS,6
8013246,Webau,Webau,LWBU,6
8271080,Wecker,Wecker,XLWK,6
8400684,Weert,Weert,XNWT,6
8400685,Weesp,Weesp,XNWS,6
8006241,Wega,Wega,FWGA,6
5100068,Wegliniec,Wegliniec,XPWE,6
8007812,Wehdel,Wehdel,AWHD,6
8400686,Wehl,Wehl,ONWEL,6
309681,Wehrhahn - Düsseldorf,Wehrhahn - Düsseldorf,D309681,6
8007853,Wehrheim,Wehrheim,FWEH,6
8006255,Weibhausen,Weibhausen,MWBH,6
8100343,Weiden am See,Weiden am See,OAWAS,6
8006259,Weidenberg,Weidenberg,NWBE,6
8101748,Weikendorf-Dörfles,Weikendorf-Dörfles,OAWDL,6
8006269,Weikersheim,Weikersheim,TWM,6
8085013,Weil im Schönbuch Röte,Weil im Schönbuch Röte,TWEI,6
8085012,Weil im Schönbuch Troppel,Weil im Schönbuch Troppel,TWEIT,6
8085014,Weil im Schönbuch Untere Halde,Weil im Schönbuch Untere Halde,TWEIU,6
8006274,Weilbach(Unterfr),Weilbach(Unterfr),NWE,6
8071906,Weiler (Brohltal),Weiler (Brohltal),KWLB,6
360603,Weinbrennerplatz - Karlsruhe,Weinbrennerplatz - Karlsruhe,RKWPK,6
8506105,Weinfelden,Weinfelden,XSW,6
8006287,Weingarten(Baden),Weingarten(Baden),RWGT,6
366909,Weinweg - Karlsruhe,Weinweg - Karlsruhe,PQKWW,6
8006291,Weisenbach,Weisenbach,RWSB,6
8101784,Weitlanbrunn,Weitlanbrunn,OAWLB,6
8101808,Weitra,Weitra,OAWTR,6
8070569,Weizen,Weizen,RWZ,6
8006299,Weißenhorn,Weißenhorn,MWSH,6
8006305,Weißenhorn-Eschach,Weißenhorn-Eschach,MAES,6
8070946,Weißer See,Weißer See,WWES,6
8013263,Weißes Roß,Weißes Roß,DWRO,6
723959,Welfenstraße - Karlsruhe,Welfenstraße - Karlsruhe,RKWN,6
8800017,Welkenraedt,Welkenraedt,XBW,6
8006316,Wellendorf,Wellendorf,HWLL,6
8100014,Wels Hbf,Wels Hbf,XAWE,2
960989,Wendestelle - Schönhausen (Elbe),Wendestelle - Schönhausen (Elbe),D960989,6
8101785,Wendling b.Haag,Wendling b.Haag,XAWEN,6
8070571,Wengern Ost,Wengern Ost,EWGO,6
8079101,Wennedach,Wennedach,TWEN,6
8013278,Wensickendorf,Wensickendorf,BWSD,6
652751,Werden S-Bahnhof - Essen (Ruhr),Werden S-Bahnhof - Essen (Ruhr),D652751,6
361483,Werderstraße - Karlsruhe,Werderstraße - Karlsruhe,PQKWD,6
8100539,Werfen,Werfen,XAWRF,6
8017033,Wernigerode Hochschule Harz,Wernigerode Hochschule Harz,LWDK,6
8017034,Wernigerode Westerntor,Wernigerode Westerntor,LWDT,6
8017032,Wernigerode-Hasserode,Wernigerode-Hasserode,LWDH,6
8100544,Wernstein,Wernstein,XAWR,6
804291,Werstener Dorfstraße - Düsseldorf,Werstener Dorfstraße - Düsseldorf,D804291,6
8000231,Wertheim,Wertheim,TWT,6
8006354,Wertheim-Bestenheid,Wertheim-Bestenheid,TWTB,6
8013293,Wesenberg,Wesenberg,WWE,6
8800324,Wespelaar-Tildonk,Wespelaar-Tildonk,XBWT,6
8100058,Westendorf in Tirol,Westendorf in Tirol,XAWD,6
8030918,Westerland (Sylt) Autoverladung,Westerland (Sylt) Autoverladung,AWLAU,6
8400103,Westervoort,Westervoort,PNABT,6
8101345,Weststeiermark,Weststeiermark,XAWES,6
8006385,Wetter(Hessen),Wetter(Hessen),FWT,6
8503505,Wettingen,Wettingen,XSWE,6
8400690,Wezep,Wezep,ONWEZ,6
5103997,Wezyska,Wezyska,XPWEZ,6
8013301,Wiednitz,Wiednitz,DWID,6
8007059,Wiemersdorf,Wiemersdorf,AWMD,6
8102888,Wien Aspern Nord,Wien Aspern Nord,PAWAN,6
8100236,Wien Floridsdorf,Wien Floridsdorf,XAWFL,6
8100446,Wien Franz-Josefs-Bahnhof,Wien Franz-Josefs-Bahnhof,XAWF,6
8101556,Wien Grillgasse,Wien Grillgasse,OASMN,6
8101934,Wien Handelskai (Bahnsteige 1-2),Wien Handelskai (Bahnsteige 1-2),OAHAN,6
8103000,Wien Hbf,Wien Hbf,XAWIE,1
8100004,Wien Hbf (Autoreisezuganlage),Wien Hbf (Autoreisezuganlage),XAWIO,2
8101590,Wien Hbf (Bahnsteige 1-2),Wien Hbf (Bahnsteige 1-2),OASRP,2
8100269,Wien Heiligenstadt,Wien Heiligenstadt,OAHE,6
8100271,Wien Hernals,Wien Hernals,XAHN,6
8100447,Wien Hütteldorf,Wien Hütteldorf,XAWH,6
8101013,Wien Jedlersdorf,Wien Jedlersdorf,XAJD,6
8100374,Wien Kaiserebersdorf,Wien Kaiserebersdorf,XAKS,6
8101170,Wien Leopoldau,Wien Leopoldau,OALOP,6
8101150,Wien Liesing,Wien Liesing,OALIE,6
8101227,Wien Matzleinsdorfer Platz,Wien Matzleinsdorfer Platz,OAMLP,6
8100514,Wien Meidling,Wien Meidling,XAWG,2
8100449,Wien Mitte,Wien Mitte,XAWMI,6
8100450,Wien Penzing,Wien Penzing,XAWP,6
8100349,Wien Praterstern,Wien Praterstern,XAWNP,6
8101473,Wien Quartier Belvedere,Wien Quartier Belvedere,OASBF,6
8101433,Wien Rennweg,Wien Rennweg,OAREN,6
8100796,Wien Siemensstraße,Wien Siemensstraße,OAFLO,6
8101553,Wien Simmering,Wien Simmering,XAWSG,6
8101937,Wien Spittelau,Wien Spittelau,OASPL,6
8104229,Wien Stadlau,Wien Stadlau,XASU,6
8101619,Wien Süßenbrunn,Wien Süßenbrunn,XASBN,6
8101641,Wien Traisengasse,Wien Traisengasse,OATAG,6
8100003,Wien Westbahnhof,Wien Westbahnhof,XAWW,1
8100516,Wiener Neustadt Hbf,Wiener Neustadt Hbf,XAWNS,2
711550,Wiener Straße - Kassel,Wiener Straße - Kassel,FKWST,6
8400691,Wierden,Wierden,ONWID,6
5103949,Wierzbowa Slaska,Wierzbowa Slaska,XPWBS,6
8013310,Wiesa(Erzgeb),Wiesa(Erzgeb),DWIS,6
8013307,Wiesenburg(Sachs),Wiesenburg(Sachs),DWSB,6
8006413,Wiesenfeld,Wiesenfeld,FWIF,6
8006423,Wiesmühl(Alz),Wiesmühl(Alz),MWSM,6
8400710,Wijchen,Wijchen,ONWCH,6
8400711,Wijhe,Wijhe,ONWIH,6
8506206,Wil SG,Wil SG,XSWI,6
8070620,Wilburgstetten Bf,Wilburgstetten Bf,MWBN,6
8006430,Wilchingen-Hallau,Wilchingen-Hallau,RWIN,6
8800193,Wildert,Wildert,OBWI,6
8101774,Wildon,Wildon,XAWI,6
8007854,Wilhelmsdorf,Wilhelmsdorf,FWL,6
8006446,Wilhelmshütte(Lahn),Wilhelmshütte(Lahn),FWUE,6
710021,Wilhelmsstraße/Stadtmuseum - Kassel,Wilhelmsstraße/Stadtmuseum - Kassel,FKWSM,6
8013312,Wilischthal,Wilischthal,DWL,6
8010379,Wilkau-Haßlau,Wilkau-Haßlau,DWI,6
8006453,Willingen,Willingen,FWLN,6
8005762,Willingen-Stryck,Willingen-Stryck,FSY,6
8271120,Wilwerwiltz,Wilwerwiltz,XLWW,6
8702269,Wilwisheim,Wilwisheim,XFWI,6
8101776,Windau im Brixental,Windau im Brixental,OAWIN,6
8100517,Windischgarsten,Windischgarsten,XAWIG,6
8700327,Wingen-sur-Moder,Wingen-sur-Moder,XFWM,6
8400696,Winschoten,Winschoten,XNWI,6
8400697,Winsum,Winsum,ONWS,6
8400698,Winterswijk,Winterswijk,XNWW,6
8400013,Winterswijk West,Winterswijk West,PNW,6
8506000,Winterthur,Winterthur,XSWT,2
8700382,Wissembourg,Wissembourg,XFWBG,6
5104173,Witkow Sl.,Witkow Sl.,OPWTO,6
5100261,Witnica,Witnica,XPWIT,6
8506393,Wittenbach,Wittenbach,XSWB,6
8070578,Wittlingen,Wittlingen,RWL,6
8702282,Wittring,Wittring,XFWT,6
8006493,Witzighausen,Witzighausen,MWIT,6
8013328,Witzschdorf,Witzschdorf,DWIT,6
2000021,Wjasma,Wjasma,XCV,6
5104660,Wloszczowa Polnoc,Wloszczowa Polnoc,XPWLP,6
5104095,Wodzislaw Slaski,Wodzislaw Slaski,XPWOD,6
8400702,Woerden,Woerden,XNWO,6
8502213,Wohlen AG,Wohlen AG,XSWO,6
8700383,Woippy,Woippy,XFWY,6
5104100,Wojanow,Wojanow,OPWOJ,6
721646,Wolfartsweierer Straße - Karlsruhe,Wolfartsweierer Straße - Karlsruhe,RKWO,6
8006549,Wolfhagen,Wolfhagen,FWFH,6
8400704,Wolfheze,Wolfheze,ONWOH,6
836831,Wolfskaulstr. - Riegelsberg,Wolfskaulstr. - Riegelsberg,PQRW,6
8821709,Wolfstee,Wolfstee,XBWO,6
8100389,Wolfurt,Wolfurt,XAWT,6
8013339,Wolgast,Wolgast,WWO,6
8013340,Wolgast Hafen,Wolgast Hafen,WWOH,6
8013341,Wolgaster Fähre,Wolgaster Fähre,WWOF,6
8013343,Wolkenstein,Wolkenstein,DWO,6
8101793,Wolkersdorf im Weinviertel,Wolkersdorf im Weinviertel,XAWO,6
8070579,Wollbach(Baden),Wollbach(Baden),RWBB,6
8400705,Wolvega,Wolvega,ONWOV,6
8400706,Workum,Workum,ONWOK,6
8400707,Wormerveer,Wormerveer,XNWM,6
8007122,Worpswede,Worpswede,AWPW,6
5100069,Wroclaw Glowny,Wroclaw Glowny,XPWR,1
5104133,Wroclaw Lesnica,Wroclaw Lesnica,XPWRL,6
5104130,Wroclaw Muchobor,Wroclaw Muchobor,XPWRM,6
5104127,Wroclaw Nowy Dwor,Wroclaw Nowy Dwor,XPWRD,6
5104138,Wroclaw Zerniki,Wroclaw Zerniki,XPWRE,6
8100361,Wulkaprodersdorf,Wulkaprodersdorf,OAWPF,6
8006595,Wullenstetten,Wullenstetten,MWUH,6
8006601,Wuppertal-Hahnenfurth/Düssel,Wuppertal-Hahnenfurth/Düssel,KWHD,6
8013363,Wusterhausen(Dosse),Wusterhausen(Dosse),WWH,6
8013367,Wutike,Wutike,WWU,6
8006628,Wutöschingen,Wutöschingen,RWUT,6
8503206,Wädenswil,Wädenswil,XSWW,6
8100099,Wörgl Hbf,Wörgl Hbf,XAWL,2
8101571,Wörgl Süd-Bruckhäusl,Wörgl Süd-Bruckhäusl,OASOL,6
8013332,Wörlitz,Wörlitz,LWOZ,6
8100425,Wörschach Schwefelbad,Wörschach Schwefelbad,OASBW,6
8006538,Wörth(Main),Wörth(Main),NWOE,6
8079143,Wörth(Rhein) Alte Bahnmeisterei,Wörth(Rhein) Alte Bahnmeisterei,RWRTL,6
8079212,Wörth(Rhein) Badallee,Wörth(Rhein) Badallee,RWRTA,6
8079213,Wörth(Rhein) Badepark,Wörth(Rhein) Badepark,RWRTK,6
8079142,Wörth(Rhein) Bienwaldhalle,Wörth(Rhein) Bienwaldhalle,RWRTB,6
8079141,Wörth(Rhein) Bürgerpark,Wörth(Rhein) Bürgerpark,RWRTP,6
8079211,Wörth(Rhein) Rathaus,Wörth(Rhein) Rathaus,RWRTR,6
8006539,Wössingen,Wössingen,RWSN,6
8070179,Wössingen Ost,Wössingen Ost,RWSO,6
8100007,Ybbs a.d. Donau,Ybbs a.d. Donau,XAY,6
160041,Yorckstraße - Karlsruhe,Yorckstraße - Karlsruhe,PQKYO,6
8504200,Yverdon-les-Bains,Yverdon-les-Bains,XSY,6
8800497,Yves-Gomezee,Yves-Gomezee,XBYG,6
723255,ZKM - Karlsruhe,ZKM - Karlsruhe,RKZK,6
860883,ZOB - Duderstadt,ZOB - Duderstadt,HDUD,6
204129,ZOB - Hagenow,ZOB - Hagenow,D204129,6
8400731,Zaandam,Zaandam,XNZAA,6
8400728,Zaandam Kogerveld,Zaandam Kogerveld,ONZAK,6
8400364,Zaandijk Zaanse Schans,Zaandijk Zaanse Schans,XNKZ,6
5100070,Zabrze,Zabrze,XPZB,6
5100211,Zagan,Zagan,XPZ,6
7900252,Zagorje,Zagorje,XZZG,6
7800020,Zagreb Glavni kolodvor,Zagreb Glavni kolodvor,XRZ,6
5500064,Zahony,Zahony,XMZH,6
5501635,Zahony(Gr),Zahony(Gr),D5501635,6
5403515,Zahorovice,Zahorovice,OTZCE,6
8006632,Zainhammer,Zainhammer,NZH,6
8006633,Zaisenhausen,Zaisenhausen,RZA,6
5400565,Zakupy-Bozikov,Zakupy-Bozikov,XTZBO,6
8400732,Zaltbommel,Zaltbommel,ONZAB,6
5403779,Zandov,Zandov,XTZAN,6
8400733,Zandvoort aan Zee,Zandvoort aan Zee,XNZA,6
5104380,Zareba,Zareba,OPZRE,6
5100243,Zary,Zary,XPZY,6
5104334,Zary Kunice,Zary Kunice,OPZK,6
5100159,Zasieki,Zasieki,XPZS,6
5100212,Zawiercie,Zawiercie,XPZAW,6
5100071,Zbaszynek,Zbaszynek,XPZA,6
5400190,Zdice,Zdice,XTZI,6
5403563,Zdislava,Zdislava,XTZDI,6
5100264,Zebrzydowice,Zebrzydowice,XPZD,6
8800345,Zedelgem,Zedelgem,XBZD,6
8800184,Zeebrugge-Dorp,Zeebrugge-Dorp,XBZ,6
5403566,Zelena Lhota,Zelena Lhota,OTZLH,6
5403625,Zelenice nad Bilinou,Zelenice nad Bilinou,OTZNB,6
5403627,Zelenky,Zelenky,OTZEY,6
5477035,Zelezna Ruda centrum,Zelezna Ruda centrum,XTZRC,6
5403629,Zelezna Ruda mesto,Zelezna Ruda mesto,XTZR,6
5400119,Zelezny Brod,Zelezny Brod,XTZY,6
8100048,Zell am See,Zell am See,XAZ,6
8100547,Zell am Ziller,Zell am Ziller,XAZZ,6
8007101,Zell(Harmersbach),Zell(Harmersbach),RZLH,6
8101819,Zell/Pram,Zell/Pram,OAZEL,6
8100363,Zellerndorf,Zellerndorf,OAZLD,6
8007338,Zellerthal,Zellerthal,NZLT,6
8100518,Zeltweg,Zeltweg,XAZW,6
8013385,Zempin,Zempin,WZP,6
8006647,Zennern,Zennern,FZE,6
330135,Zentrum - Mettmann,Zentrum - Mettmann,D330135,6
8007824,Zerkall,Zerkall,KZE,6
8501689,Zermatt,Zermatt,XSZE,6
8400734,Zetten-Andelst,Zetten-Andelst,ONZEA,6
8702295,Zetting,Zetting,XFZ,6
8007135,Zeutern Bf,Zeutern Bf,RZE,6
8007136,Zeutern Ost,Zeutern Ost,RZEO,6
8079617,Zeutern Sportplatz,Zeutern Sportplatz,RZES,6
8400735,Zevenaar,Zevenaar,XNZV,6
8400737,Zevenbergen,Zevenbergen,ONZEB,6
5100085,Zgorzelec,Zgorzelec,XPZG,6
5100232,Zgorzelec Miasto,Zgorzelec Miasto,XPZGM,6
8800097,Zichem,Zichem,XBZI,6
7900004,Zidani Most,Zidani Most,XZZM,6
8503225,Ziegelbrücke,Ziegelbrücke,XSZB,6
5100222,Zielona Gora Glowna,Zielona Gora Glowna,XPZIG,6
5102886,Zielona Gora Przylep,Zielona Gora Przylep,XPPRY,6
8006658,Zierenberg,Zierenberg,FZB,6
8006654,Zierenberg-Rosental,Zierenberg-Rosental,FZBR,6
8101822,Ziersdorf,Ziersdorf,OAZIE,6
8013404,Ziesar,Ziesar,LZR,6
5600020,Zilina,Zilina,XYZ,6
8010392,Zinnowitz,Zinnowitz,WZ,6
5403645,Zirec,Zirec,OTZRC,6
8100451,Zirl,Zirl,XAZL,6
5400962,Zirovice-Seniky,Zirovice-Seniky,XTFS,6
8013409,Zirtow-Leussow,Zirtow-Leussow,WZIL,6
8013410,Zittau Hp,Zittau Hp,DZH,6
8013411,Zittau Süd,Zittau Süd,DZS,6
8013412,Zittau Vorstadt,Zittau Vorstadt,DZV,6
8509054,Zizers,Zizers,PSZI,6
5403589,Zliv,Zliv,OTZ,6
5104359,Zmigrod,Zmigrod,XPZMI,6
8400741,Zoetermeer,Zoetermeer,ONZO,6
8400740,Zoetermeer Oost,Zoetermeer Oost,ONZOO,6
8502001,Zofingen,Zofingen,XSZG,6
8800145,Zolder,Zolder,XBZO,6
309691,Zoo - Düsseldorf,Zoo - Düsseldorf,D309691,6
231252,Zoologischer Garten - Wuppertal,Zoologischer Garten - Wuppertal,D231252,6
8013422,Zopten,Zopten,UZN,6
5104369,Zory,Zory,OPZO,6
8013427,Zschopau,Zschopau,DZP,6
8013311,Zschopau Ost,Zschopau Ost,DZPO,6
8502204,Zug(CH),Zug(CH),XSZU,6
966901,Zugspitzbahnhof - Garmisch-Partenkirchen,Zugspitzbahnhof - Garmisch-Partenkirchen,MGP Z,6
966905,Zugspitzbahnhof - Grainau,Zugspitzbahnhof - Grainau,MGRN,6
966908,Zugspitze Bahnhof Zugspitzplatt - Garmisch-Partenki,Zugspitze Bahnhof Zugspitzplatt - Garmisch-Partenki,MZP,6
8400742,Zuidbroek,Zuidbroek,XNZB,6
8400743,Zuidhorn,Zuidhorn,ONZH,6
8101829,Zurndorf,Zurndorf,OAZU,6
8400744,Zutphen,Zutphen,ONZTP,6
8503405,Zweidlen,Zweidlen,OSZWI,6
8000292,Zwickau Stadthalle,Zwickau Stadthalle,DZWG,6
8000289,Zwickau Zentrum,Zwickau Zentrum,DZWM,6
8013434,Zwickau-Schedewitz,Zwickau-Schedewitz,DZWS,6
8400752,Zwijndrecht(NL),Zwijndrecht(NL),XNZW,6
8400747,Zwolle,Zwolle,XNZL,6
8400746,Zwolle Stadshagen,Zwolle Stadshagen,PNZSH,6
8013435,Zwönitz,Zwönitz,DZI,6
8013429,Zühlsdorf,Zühlsdorf,BZUH,6
8006674,Zülpich,Zülpich,KZ,6
8503001,Zürich Altstetten,Zürich Altstetten,XSZA,6
8503010,Zürich Enge,Zürich Enge,XSZN,6
8503016,Zürich Flughafen,Zürich Flughafen,XSZF,3
8503000,Zürich HB,Zürich HB,XSZH,1
8503020,Zürich Hardbrücke,Zürich Hardbrücke,XSZR,6
8503006,Zürich Oerlikon,Zürich Oerlikon,XSZO,6
8503003,Zürich Stadelhofen,Zürich Stadelhofen,XSZS,6
8503011,Zürich Wiedikon,Zürich Wiedikon,XSZW,6
8503009,Zürich Wollishofen,Zürich Wollishofen,XSZWO,6
8400319,s-Hertogenbosch,s-Hertogenbosch,XNSH,6
8400320,s-Hertogenbosch Oost,s-Hertogenbosch Oost,ONSHO,6
8400388,t Harde,t Harde,XNTH,6
8079092,Äpfingen,Äpfingen,TAPF,6
8100133,Öblarn,Öblarn,OAOE,6
5501019,Ötteveny,Ötteveny,OMOTT,6
8100061,Ötztal,Ötztal,XAOE,6
8101694,Übersbach b.Fürstenfeld,Übersbach b.Fürstenfeld,OAUB,6
8013161,Ückeritz,Ückeritz,WUEK,6
8007821,Üdingen,Üdingen,KUD,6
